id,firstname,lastname,gender,birthday,status,salary,department,hourlyrate,maritalstatus,overtime
1,Kimberley,Kuhic,F,15/5/90,,110182.0,Sales,40.0,Single,Yes
1,Kitty,Ruecker,F,24/7/76,PE,90613.0,Sales,76.0,Married,No
5,Jamal,Cole,M,31/1/83,PE,109251.0,Research & Development,89.0,Single,Yes
5,Christopher,D'Amore,F,16/3/74,PE,103614.0,Sales,78.0,Married,No
5,Carly,Ratke,M,16/1/98,PE,88315.0,Research & Development,86.0,Single,Yes
8,Alvy,Beahan,U,5/8/93,PE,66519.0,Sales,77.0,Divorced,No
8,Paola,Kilback,F,9/11/81,PE,61536.0,Human Resources,46.0,Divorced,No
10,Pate,Weber,F,3/1/92,PE,71722.0,Research & Development,30.0,Married,Yes
10,Saige,Casper,M,3/8/90,,61597.0,Research & Development,82.0,Married,No
11,Buna,Connelly,M,1/1/90,PE,148038.0,Sales,78.0,Married,Yes
12,Javion,Moore,M,13/2/76,,137513.0,Research & Development,38.0,Single,No
12,Ursula,Wintheiser,M,26/11/99,,135046.0,Research & Development,72.0,Divorced,No
12,Alesia,Hirthe,M,21/4/79,PE,126664.0,Sales,55.0,Single,No
12,Efrain,Harber,U,26/1/95,,57029.0,Research & Development,43.0,Married,No
19,Jalen,Considine,F,9/12/87,,110155.0,Research & Development,67.0,Married,No
21,Ezequiel,Baumbach,M,19/12/92,PE,131575.0,Research & Development,96.0,Married,No
21,Elaine,Barrows,M,8/6/83,PE,59553.0,Research & Development,69.0,Single,Yes
22,Rashawn,Wyman,M,6/5/95,,56155.0,Research & Development,64.0,Single,No
24,Ariella,Runte,F,26/12/93,PE,107325.0,Research & Development,87.0,Divorced,No
24,Abbott,Rippin,F,11/3/84,PE,93348.0,Research & Development,100.0,Single,No
26,Albertus,Bernier,U,6/1/89,PE,101017.0,Research & Development,32.0,Married,No
31,Syreeta,Altenwerth,M,28/8/99,PE,117554.0,Research & Development,32.0,Single,No
31,Teddy,Rath,M,17/2/90,PE,109005.0,Sales,51.0,Married,No
31,Jory,Waters,U,5/10/70,,80945.0,Research & Development,91.0,Single,No
33,Brittnay,Yundt,U,30/9/84,PE,70648.0,Research & Development,97.0,Single,No
34,Aimee,Sauer,M,18/11/92,CA,125785.0,Research & Development,86.0,Single,No
34,Danyel,Considine,F,5/5/73,PE,61059.0,Sales,64.0,Married,Yes
35,Virgia,Feil,U,19/9/87,TE,59488.0,Research & Development,33.0,Single,No
36,Lukas,Kunze,U,29/9/96,TE,139432.0,Research & Development,88.0,Single,Yes
36,Einar,Beier,F,6/9/71,,113541.0,Sales,55.0,Married,Yes
36,Ardell,Von,M,3/3/89,CA,110429.0,Research & Development,68.0,Married,No
36,Callie,Lesch,M,4/10/92,,66278.0,Research & Development,47.0,Married,No
37,Jolette,Marks,M,12/10/77,,132173.0,Research & Development,39.0,Married,No
38,Duke,Krajcik,M,29/9/77,PE,136383.0,Research & Development,44.0,Single,No
39,Gilda,Gerlach,F,25/6/87,PE,58922.0,Research & Development,97.0,Married,No
41,Gladyce,Kovacek,F,24/5/93,PE,110498.0,Research & Development,40.0,Married,Yes
43,Montel,Kunde,F,29/7/96,CA,105292.0,Sales,47.0,Married,No
45,Tilman,Welch,F,24/5/73,PE,114153.0,Research & Development,79.0,Married,Yes
45,Manilla,Daniel,M,6/7/80,,89318.0,Human Resources,38.0,Single,Yes
46,Nevada,Kunde,F,10/5/86,PE,112824.0,Research & Development,67.0,Divorced,No
46,Tyrese,Eichmann,F,18/7/82,,81777.0,Research & Development,67.0,Divorced,Yes
47,Deasia,Herzog,M,15/8/72,CA,102541.0,Research & Development,67.0,Divorced,No
48,Ruffin,Medhurst,M,13/11/94,PE,67369.0,Sales,98.0,Married,No
49,Jordyn,Connelly,F,10/11/90,PE,124399.0,Research & Development,67.0,Married,No
50,Lavada,Schmidt,M,15/5/87,,101898.0,Sales,70.0,Single,Yes
51,Fleda,Botsford,M,14/1/89,PE,77949.0,Sales,96.0,Divorced,No
51,Berkley,Nader,M,5/1/82,PE,69904.0,Research & Development,91.0,Married,No
54,Keandre,Herzog,M,27/6/91,PE,133885.0,Sales,46.0,Married,No
54,Clovis,Romaguera,F,14/3/92,PE,94327.0,Sales,64.0,Married,No
56,Seth,Rippin,M,11/4/76,PE,148561.0,Human Resources,71.0,Married,No
57,Jamin,Gerhold,M,9/8/96,PE,114066.0,Research & Development,68.0,Single,No
57,Shelli,Hettinger,U,18/9/76,PE,95690.0,Sales,33.0,Married,No
57,Odie,Veum,F,23/7/88,,85210.0,Research & Development,69.0,Divorced,Yes
61,Florian,Beahan,U,3/2/78,PE,98027.0,Research & Development,78.0,Married,No
62,Ivonne,Langworth,F,1/3/77,TE,132528.0,Research & Development,81.0,Married,No
62,Jarred,Kilback,M,28/3/90,PE,56123.0,Research & Development,62.0,Married,No
64,Marcello,Yost,M,15/4/95,PE,59985.0,Research & Development,65.0,Married,No
65,Faith,Becker,F,16/12/92,PE,99575.0,Research & Development,35.0,Single,No
66,Savilla,Bernier,F,16/7/74,PE,122832.0,Sales,60.0,Married,No
66,Ott,Huels,M,17/7/91,,106909.0,Research & Development,45.0,Married,No
67,Marcy,Schuppe,M,31/12/83,,142081.0,Research & Development,89.0,Married,No
69,Shaneka,Powlowski,U,21/3/95,PE,103204.0,Sales,80.0,Married,No
71,Bobbie,Kessler,F,3/9/70,TE,119641.0,Sales,90.0,Single,No
72,Laisha,Collier,F,23/10/81,PE,131899.0,Sales,73.0,Single,No
73,Brandon,Stokes,F,23/1/80,,117282.0,Research & Development,87.0,Single,Yes
73,Gregorio,Christiansen,M,25/7/86,TE,112205.0,Research & Development,51.0,Single,Yes
74,Marlin,Collins,F,26/2/81,PE,85519.0,Sales,38.0,Married,No
75,Donat,Ryan,M,15/7/78,PE,88653.0,Research & Development,87.0,Divorced,No
75,Kayson,Towne,F,8/11/80,TE,68757.0,Sales,59.0,Married,Yes
76,Wilhelm,Halvorson,M,18/6/84,,56856.0,Research & Development,45.0,Married,No
77,Baldwin,Osinski,U,8/8/93,PE,72896.0,Research & Development,80.0,Married,Yes
78,Brannon,Goldner,F,9/4/85,PE,72290.0,Research & Development,93.0,Single,No
79,Dorsey,Zemlak,M,30/10/88,,72049.0,Research & Development,46.0,Married,No
80,Adella,Hintz,F,21/12/70,PE,116692.0,Research & Development,92.0,Married,No
80,Zelpha,White,M,7/12/99,PE,84398.0,Sales,84.0,Married,No
82,Rennie,Koch,M,24/8/93,TE,132854.0,Research & Development,87.0,Divorced,No
82,Gwyneth,Prosacco,U,13/9/95,PE,55602.0,Research & Development,63.0,Married,No
84,Akeelah,Kris,M,22/2/81,PE,123656.0,Sales,56.0,Single,No
85,Galilea,Waters,U,24/7/70,PE,135774.0,Research & Development,51.0,Married,Yes
87,Citlalli,Dach,F,2/7/93,PE,133519.0,Research & Development,85.0,Married,Yes
88,Zain,Franecki,F,3/11/72,PE,141171.0,Research & Development,41.0,Married,Yes
88,Tempie,Heller,F,10/7/83,PE,141141.0,Research & Development,35.0,Married,No
88,Gustie,Feest,M,29/12/76,PE,130311.0,Research & Development,31.0,Divorced,Yes
89,Yuridia,Rodriguez,U,22/1/84,TE,129460.0,Research & Development,48.0,Married,No
90,Greyson,Bruen,F,30/10/72,CA,144889.0,Research & Development,50.0,Single,Yes
90,Zilpha,Kreiger,F,21/7/80,,91584.0,Sales,52.0,Married,No
91,Glennis,Abshire,M,19/1/92,,104223.0,Sales,54.0,Single,No
91,Ethelyn,Romaguera,U,15/4/94,PE,90500.0,Research & Development,76.0,Married,Yes
92,Love,Bode,F,16/8/90,PE,101786.0,Research & Development,42.0,Divorced,No
93,Wells,Wyman,F,29/7/75,,78807.0,Research & Development,84.0,Married,No
94,Davonta,Hoppe,M,22/9/73,CA,132089.0,Research & Development,76.0,Married,No
94,Samara,Erdman,F,29/10/91,PE,119930.0,Research & Development,67.0,Divorced,No
95,Jase,Dibbert,M,3/12/72,PE,146698.0,Research & Development,67.0,Married,No
95,Hilah,Thompson,U,6/5/84,TE,103413.0,Research & Development,67.0,Divorced,No
97,Jonnie,McDermott,M,13/7/80,CA,100740.0,Research & Development,97.0,Single,No
98,Leroy,Kuhic,F,18/12/92,CA,149322.0,Sales,70.0,Single,Yes
98,Carmen,Macejkovic,U,13/6/87,PE,128497.0,Human Resources,98.0,Married,No
99,Austin,Hahn,F,1/5/75,,88848.0,Research & Development,76.0,Divorced,No
101,Khalilah,Flatley,M,31/3/74,PE,91171.0,Research & Development,80.0,Married,No
101,Delvin,Schuppe,M,5/6/97,PE,62462.0,Research & Development,52.0,Married,No
102,Ramona,Reichert,F,26/2/77,PE,116332.0,Research & Development,85.0,Married,No
102,Stacey,Rice,F,13/2/75,TE,109856.0,Research & Development,81.0,Single,No
104,Cephus,Botsford,M,11/9/86,PE,84377.0,Research & Development,59.0,Divorced,No
105,Christa,Buckridge,M,23/5/98,PE,139709.0,Research & Development,54.0,Married,Yes
105,Lucetta,Kemmer,M,22/3/80,PE,72335.0,Sales,55.0,Married,No
106,Bennie,Deckow,F,20/10/85,PE,86508.0,Research & Development,71.0,Married,No
108,Myrta,Kuvalis,M,24/1/90,PE,106103.0,Research & Development,84.0,Single,Yes
108,Meryl,Wunsch,M,4/11/99,TE,73793.0,Human Resources,37.0,Married,Yes
109,Odin,Metz,M,5/11/99,PE,91335.0,Research & Development,89.0,Married,No
109,Joselyn,Schmeler,M,23/6/70,PE,84979.0,Sales,59.0,Divorced,Yes
110,Julie,Wiegand,F,24/5/82,PE,141991.0,Research & Development,32.0,Single,Yes
110,Metta,Trantow,U,21/12/77,PE,122444.0,Research & Development,86.0,Married,No
110,Benny,Jenkins,U,11/11/73,TE,86686.0,Research & Development,87.0,Single,No
112,Elease,Torp,F,31/1/90,PE,89048.0,Research & Development,73.0,Single,Yes
115,Pandora,Goodwin,F,24/4/75,,139469.0,Sales,42.0,Single,No
116,Eboni,Feest,M,13/6/81,,140226.0,Research & Development,42.0,Married,No
116,Dionte,Hettinger,U,21/9/95,,96590.0,Research & Development,77.0,Divorced,No
124,Edrie,Wilderman,F,3/2/76,,117636.0,Research & Development,66.0,Married,No
124,Alaina,Hilpert,U,9/1/87,PE,62046.0,Research & Development,72.0,Married,No
126,Ulises,Nicolas,F,30/4/95,PE,134165.0,Research & Development,50.0,Divorced,No
126,Rayfield,Armstrong,U,16/1/74,PE,121744.0,Sales,31.0,Single,No
126,Redmond,Zieme,M,6/4/79,CA,90315.0,Research & Development,66.0,Divorced,No
126,Kimberli,Walter,M,7/3/76,CA,60712.0,Research & Development,77.0,Single,No
130,Merwin,O'Keefe,U,7/9/81,TE,95193.0,Research & Development,41.0,Married,Yes
130,Oney,Purdy,M,20/12/76,PE,59579.0,Research & Development,33.0,Married,No
132,Keira,Lubowitz,M,27/1/86,PE,137921.0,Research & Development,79.0,Divorced,No
132,Maxim,Orn,M,1/3/71,CA,127966.0,Research & Development,91.0,Married,No
132,Esmeralda,Nolan,F,3/11/96,PE,57474.0,Research & Development,65.0,Married,No
134,Seth,Schuppe,U,23/11/86,,148986.0,Sales,36.0,Single,Yes
135,Aletha,Konopelski,U,18/1/84,PE,60778.0,Research & Development,90.0,Married,No
137,Colette,Franecki,U,2/6/90,PE,127923.0,Sales,43.0,Divorced,Yes
137,Winston,Sipes,M,22/5/98,PE,106134.0,Sales,93.0,Divorced,No
137,Rosco,Lynch,U,20/6/89,PE,103499.0,Research & Development,45.0,Divorced,No
138,Freddie,Emmerich,M,19/12/87,,138387.0,Sales,67.0,Married,No
138,Nannette,Wintheiser,U,5/10/85,PE,124371.0,Research & Development,74.0,Divorced,Yes
141,Thurman,Bosco,F,29/6/73,PE,130265.0,Research & Development,42.0,Single,No
141,Bayard,Bartoletti,M,21/11/90,CA,115560.0,Sales,47.0,Divorced,No
142,Ashby,Waelchi,F,12/8/85,,119416.0,Research & Development,36.0,Single,No
143,Ilo,Mohr,F,8/1/85,PE,106096.0,Sales,80.0,Single,Yes
143,Miranda,Hagenes,M,21/4/80,TE,68804.0,Sales,54.0,Single,No
144,Stanford,Roberts,U,14/11/96,PE,147941.0,Sales,36.0,Divorced,Yes
144,Gavin,Kuhic,M,20/9/85,PE,132542.0,Research & Development,67.0,Married,No
144,Tracey,Lebsack,F,24/4/75,CA,72866.0,Human Resources,67.0,Divorced,Yes
147,Bryan,Schulist,M,10/9/72,PE,146652.0,Research & Development,67.0,Single,Yes
148,Celeste,Bernhard,M,24/4/73,CA,76386.0,Research & Development,67.0,Married,No
149,Sheilah,Hoeger,F,11/12/90,PE,57102.0,Research & Development,48.0,Married,No
151,Ephram,Lindgren,M,10/12/94,CA,130053.0,Sales,95.0,Married,Yes
151,Truman,Hansen,M,15/1/99,PE,108002.0,Research & Development,95.0,Single,No
154,Jiles,Osinski,M,3/12/81,,59309.0,Research & Development,76.0,Single,No
156,Armstead,O'Kon,F,7/8/84,PE,75042.0,Research & Development,94.0,Divorced,No
157,Shana,Prosacco,U,1/11/73,PE,64181.0,Research & Development,57.0,Married,No
160,Daniele,Kassulke,M,28/4/89,PE,138123.0,Research & Development,92.0,Divorced,No
160,Zita,Hermiston,M,29/4/97,PE,128330.0,Research & Development,79.0,Married,No
160,Denice,Hayes,U,17/6/76,PE,115752.0,Sales,31.0,Divorced,No
160,Kelley,Stiedemann,U,14/9/77,PE,78564.0,Research & Development,35.0,Married,No
161,Zion,Cronin,U,30/9/91,PE,115523.0,Sales,99.0,Divorced,Yes
163,Ester,Emmerich,M,13/8/89,,134033.0,Research & Development,96.0,Married,Yes
163,Offie,Bernier,M,18/12/83,PE,89910.0,Research & Development,79.0,Single,Yes
163,January,Balistreri,F,26/10/95,,63802.0,Sales,73.0,Married,Yes
165,Jalissa,Bogisich,F,7/1/74,PE,101133.0,Research & Development,62.0,,No
165,Bennett,Bahringer,M,16/4/71,PE,66507.0,Sales,35.0,,No
166,Ailene,Bradtke,M,27/10/77,TE,126848.0,Research & Development,43.0,,No
167,Nick,Little,M,20/8/80,PE,103003.0,Sales,51.0,Single,No
167,Harmony,Welch,U,18/7/91,PE,83793.0,Research & Development,74.0,Married,No
171,Christa,Roob,M,17/12/96,TE,110838.0,Human Resources,58.0,Married,No
171,Hope,Zboncak,F,18/7/89,PE,109051.0,Sales,82.0,Married,No
172,Medora,Wisoky,M,13/9/94,PE,113470.0,Research & Development,62.0,Married,No
172,Valentino,Borer,U,16/1/79,,103891.0,Research & Development,48.0,Single,No
174,Devin,Reynolds,U,15/1/91,TE,56817.0,Research & Development,56.0,Married,No
175,Melton,Sporer,U,24/11/94,CA,115644.0,Research & Development,69.0,Married,No
175,Aja,Lynch,M,21/8/86,PE,69271.0,Human Resources,60.0,Married,No
176,Breonna,Schaefer,F,28/6/82,PE,105640.0,Research & Development,92.0,Married,Yes
177,Carmelita,Bednar,M,22/2/97,,71107.0,Research & Development,91.0,Divorced,No
177,Alena,Johns,M,30/7/80,PE,64689.0,Research & Development,34.0,Single,No
183,Heyward,Mueller,M,7/11/84,,118215.0,Research & Development,49.0,Married,No
184,Sheree,Morar,M,22/3/97,CA,86222.0,Research & Development,33.0,Married,No
185,Wally,Hirthe,M,20/7/91,PE,129998.0,Sales,87.0,Married,No
185,Thomas,Leffler,M,27/1/91,PE,96328.0,Sales,74.0,Divorced,Yes
185,Quint,Halvorson,M,24/11/78,TE,56029.0,Sales,96.0,Divorced,Yes
187,Audie,Weimann,F,14/11/72,PE,118431.0,Sales,34.0,Single,No
188,Fenton,Block,F,23/2/90,PE,119342.0,Research & Development,51.0,Single,No
188,Gracie,Shanahan,M,21/9/92,PE,61106.0,Research & Development,30.0,Single,No
189,Clarke,Block,U,10/7/82,PE,80576.0,Sales,80.0,Married,No
191,Denice,Hand,F,29/10/94,TE,83935.0,Sales,88.0,Single,No
191,Jacquez,Halvorson,F,3/8/91,PE,55690.0,Human Resources,56.0,Married,No
193,Imanol,Streich,M,30/9/74,PE,76056.0,Research & Development,78.0,Single,No
194,Ace,Upton,U,25/8/87,PE,120120.0,Human Resources,59.0,Married,No
194,Trilby,Hartmann,F,11/1/79,PE,118209.0,Human Resources,66.0,Divorced,No
194,Travon,Schmitt,M,7/12/99,CA,112990.0,Sales,51.0,Married,No
195,Mustafa,Emard,M,16/3/72,PE,55003.0,Research & Development,67.0,Single,No
196,Ebb,Thiel,M,19/10/82,PE,142036.0,Sales,52.0,Single,No
198,Acy,Paucek,M,17/11/92,,146126.0,Research & Development,70.0,Single,Yes
202,Amarion,Tromp,U,5/1/70,CA,146723.0,Sales,94.0,Divorced,No
202,Delwin,Satterfield,M,8/5/92,TE,146286.0,Research & Development,97.0,Married,Yes
202,Brandon,Yost,F,22/1/93,PE,84858.0,Sales,62.0,Single,No
204,Selah,Pfeffer,U,20/4/91,,90609.0,Sales,80.0,Single,No
206,Ardell,Swift,F,15/6/97,PE,146257.0,Sales,74.0,Single,Yes
207,True,Mante,M,29/4/84,TE,84350.0,Research & Development,75.0,Married,No
208,Minerva,Sawayn,M,9/8/79,CA,139741.0,Sales,70.0,Married,No
208,Nancie,Smith,F,12/3/98,PE,107216.0,Research & Development,91.0,Divorced,No
208,Jedidiah,Zieme,U,20/10/99,CA,85879.0,Research & Development,58.0,Married,No
211,Savon,Lubowitz,M,11/11/72,PE,110521.0,Research & Development,65.0,Single,No
211,Alyce,Haag,M,5/10/79,PE,106761.0,Research & Development,60.0,Married,Yes
211,Lexie,Robel,M,5/9/97,,106595.0,Research & Development,38.0,Married,Yes
212,Fredy,Mraz,F,5/5/94,PE,104426.0,Research & Development,57.0,Divorced,No
213,Willie,O'Keefe,F,12/1/98,PE,124504.0,Research & Development,60.0,Married,No
213,Lyn,Bechtelar,F,27/4/90,TE,104808.0,Research & Development,90.0,Divorced,No
214,Debbie,Bayer,F,31/12/83,PE,140985.0,Research & Development,67.0,Divorced,No
214,Gail,Erdman,F,23/10/75,PE,84614.0,Sales,87.0,Divorced,Yes
215,Pasquale,Boyle,M,9/4/71,CA,132888.0,Research & Development,60.0,Married,Yes
216,Jazlyn,Davis,M,11/4/94,CA,118945.0,Human Resources,97.0,Single,No
217,Adrian,Christiansen,F,20/5/92,PE,118067.0,Sales,32.0,Single,No
217,Ryann,Mertz,M,21/6/97,,83567.0,Sales,31.0,Single,No
217,Alec,Spinka,M,11/7/93,PE,62865.0,Research & Development,40.0,Married,No
218,Kaiden,Hayes,U,6/4/75,CA,143624.0,Research & Development,79.0,Married,Yes
219,Vicente,Wiegand,M,7/4/92,PE,67066.0,Sales,91.0,Married,No
221,Devonte,Erdman,M,15/9/85,PE,59567.0,Research & Development,53.0,Married,No
222,Lucie,Murphy,M,22/5/91,PE,146587.0,Sales,46.0,Married,No
222,Goldia,Kulas,F,22/9/77,PE,145125.0,Research & Development,46.0,Divorced,Yes
222,Yaakov,Skiles,U,17/5/88,,134281.0,Research & Development,90.0,Married,Yes
222,Elodie,Heller,M,15/6/98,PE,131562.0,Research & Development,99.0,Divorced,Yes
222,Beckie,Welch,F,13/5/83,,85858.0,Human Resources,89.0,Divorced,No
222,Caddie,Toy,F,16/12/86,PE,74409.0,Sales,84.0,Single,Yes
225,Michaela,Sanford,F,5/5/76,PE,70382.0,Research & Development,90.0,Married,No
227,Leone,Upton,M,8/3/88,CA,148436.0,Research & Development,82.0,Married,No
227,Xiomara,Armstrong,U,29/7/96,PE,145164.0,Research & Development,65.0,Single,No
228,Newt,Kertzmann,F,14/5/97,PE,80860.0,Sales,98.0,Single,No
229,Octave,Grant,U,28/4/75,,69936.0,Research & Development,99.0,Married,No
232,Marland,Bayer,F,10/4/91,TE,144022.0,Research & Development,95.0,Married,No
232,Urijah,McClure,F,29/4/71,TE,105555.0,Research & Development,90.0,Divorced,No
232,Gaither,Jakubowski,U,10/10/87,PE,65128.0,Human Resources,100.0,Divorced,No
233,Leo,Bartell,U,7/7/95,PE,74990.0,Research & Development,93.0,Married,No
233,Bryce,Beatty,M,15/12/70,CA,57111.0,Research & Development,58.0,Single,No
235,Eugenie,Senger,M,19/10/98,TE,125441.0,Sales,83.0,Divorced,No
235,Melody,Farrell,M,5/6/81,PE,89670.0,Research & Development,52.0,Single,No
235,Lakendra,Ruecker,U,1/10/73,PE,73881.0,Research & Development,85.0,Single,No
236,Boyd,Hirthe,U,29/12/86,PE,73884.0,Sales,67.0,Divorced,Yes
237,Leora,Tromp,M,13/6/84,TE,84218.0,Research & Development,64.0,,No
237,Lauri,Hodkiewicz,U,9/5/75,,59596.0,Human Resources,69.0,,Yes
238,Addison,Sanford,U,20/9/77,CA,111234.0,Research & Development,66.0,,No
240,Melissa,Bode,F,19/7/86,CA,65725.0,Research & Development,52.0,,No
241,Jaclyn,O'Connell,F,30/1/93,PE,126787.0,Sales,92.0,Married,No
242,Milo,Sanford,F,18/12/73,PE,112077.0,Sales,52.0,Divorced,No
242,Clemence,O'Connell,F,24/6/84,PE,92830.0,Research & Development,91.0,Married,No
244,Helene,Medhurst,M,13/8/82,PE,123711.0,Research & Development,92.0,Divorced,Yes
245,Gladis,Yost,U,30/12/96,PE,74821.0,Research & Development,47.0,Divorced,No
245,Rico,Wilderman,M,29/12/70,PE,73523.0,Research & Development,68.0,Married,No
246,Alwilda,Lueilwitz,M,10/7/99,PE,132499.0,Sales,68.0,Married,No
249,Elmer,Reichert,M,9/4/78,PE,84094.0,Research & Development,67.0,Married,No
251,Burnie,Marvin,U,16/2/98,PE,76057.0,Sales,77.0,Married,Yes
253,Margot,Connelly,F,30/4/82,,75082.0,Sales,46.0,Single,No
254,Leonor,Reynolds,F,9/4/89,CA,79301.0,Research & Development,87.0,Married,Yes
257,Vergie,Tremblay,F,9/12/87,CA,149999.0,Research & Development,33.0,Single,No
259,Cain,Rath,U,30/12/80,PE,148413.0,Human Resources,89.0,Married,No
260,Karley,Hahn,M,24/8/84,PE,134543.0,Human Resources,56.0,Divorced,Yes
260,Hillard,Aufderhar,U,21/1/85,PE,93850.0,Sales,67.0,Married,No
261,Harley,Conn,M,24/10/83,PE,98869.0,Research & Development,73.0,Married,Yes
261,Garey,Vandervort,F,19/7/71,PE,67132.0,Sales,92.0,Married,No
263,Lorrayne,Volkman,M,13/11/88,TE,121555.0,Research & Development,53.0,Single,Yes
264,Jaeda,Effertz,U,21/3/94,PE,131924.0,Research & Development,40.0,Married,No
266,Giovani,Friesen,F,26/3/80,CA,87001.0,Sales,79.0,Single,No
267,Eliot,Johnston,M,27/10/79,PE,121358.0,Research & Development,38.0,Married,No
267,Karlee,Labadie,M,17/11/75,PE,108276.0,Research & Development,64.0,Single,No
269,Kiya,Reynolds,F,1/4/81,,100427.0,Research & Development,82.0,Divorced,No
269,Mabel,VonRueden,M,21/1/79,PE,76933.0,Human Resources,43.0,Divorced,No
270,Rigoberto,Swift,U,27/12/86,PE,133069.0,Research & Development,93.0,Divorced,No
270,Loula,Hahn,F,23/9/98,PE,107869.0,Research & Development,81.0,Single,No
272,Leonora,Kirlin,M,6/10/87,PE,85853.0,Sales,82.0,Single,Yes
273,Davis,Price,U,17/3/90,PE,81471.0,Sales,45.0,Divorced,No
274,Salina,Hammes,F,16/4/79,TE,122286.0,Sales,36.0,Married,No
275,Moody,Fritsch,F,2/10/92,PE,62066.0,Human Resources,87.0,Married,No
276,Hart,Kunze,M,8/9/74,CA,73245.0,Research & Development,81.0,Married,No
277,Bliss,Abshire,F,20/8/85,PE,106218.0,Research & Development,91.0,Married,No
277,Talmage,Bartell,F,19/2/89,PE,103606.0,Research & Development,73.0,Single,Yes
277,Rosanne,Heathcote,F,23/6/93,,67357.0,Sales,64.0,Married,No
277,Meta,Denesik,F,21/12/71,PE,65794.0,Research & Development,77.0,Married,No
278,Lorelei,Spencer,M,10/2/73,PE,126556.0,Research & Development,41.0,Divorced,No
279,Alaina,Klocko,F,7/9/81,PE,125133.0,Research & Development,98.0,Married,No
279,Jarod,Jerde,U,30/1/79,PE,113984.0,Sales,78.0,Married,No
281,Alston,Davis,F,5/8/70,,123387.0,Sales,89.0,Single,No
281,Simon,Ortiz,F,18/5/78,,67293.0,Research & Development,75.0,Single,Yes
282,Waymon,Bauch,M,29/12/73,PE,118954.0,Sales,63.0,Married,Yes
284,Francies,McGlynn,F,5/5/91,PE,131460.0,Research & Development,89.0,Divorced,No
285,Merl,Wintheiser,U,30/1/80,PE,130592.0,Sales,64.0,Married,Yes
285,Pennie,Goodwin,U,26/3/97,PE,76698.0,Research & Development,59.0,Single,No
286,Mickey,Hettinger,U,2/7/96,CA,79999.0,Research & Development,78.0,Married,Yes
287,Jory,Tromp,F,6/6/85,PE,133805.0,Research & Development,44.0,Married,Yes
288,Rubie,Hartmann,M,6/9/96,PE,64643.0,Research & Development,93.0,Married,No
289,Jeryl,Lesch,F,24/5/71,PE,144888.0,Human Resources,94.0,Single,No
289,Uriah,Bashirian,M,22/3/74,PE,102185.0,Research & Development,98.0,Divorced,No
290,Frieda,Barrows,M,27/9/81,PE,130890.0,Research & Development,90.0,Married,Yes
291,Berneice,Powlowski,U,25/11/80,PE,146171.0,Sales,89.0,Single,No
291,Solomon,Ziemann,M,30/5/75,,86358.0,Research & Development,67.0,Divorced,No
293,Drury,Weissnat,U,29/1/82,PE,99258.0,Research & Development,78.0,Married,No
293,Rob,Hagenes,M,27/1/97,TE,73762.0,Research & Development,85.0,Married,Yes
296,Verona,Padberg,M,14/10/98,,125561.0,Research & Development,97.0,Single,No
296,Isiah,Crist,U,12/10/84,CA,85347.0,Sales,33.0,Married,No
297,Clemmie,Crist,M,24/4/88,CA,67216.0,Sales,54.0,Married,No
298,Edwina,Aufderhar,M,8/9/89,PE,89080.0,Research & Development,83.0,Married,No
299,Alvin,Marvin,F,21/7/89,,109310.0,Sales,86.0,Divorced,Yes
301,Garrison,Schulist,M,14/10/82,PE,109871.0,Sales,75.0,Married,Yes
301,Leonore,Stroman,M,18/2/91,PE,58179.0,Research & Development,62.0,Divorced,No
301,Jimmie,Wisoky,F,15/3/82,PE,55945.0,Research & Development,61.0,Married,No
302,Vernell,Schmidt,F,8/8/83,,123021.0,Research & Development,44.0,Single,No
303,Dennis,Cole,M,16/4/93,,147018.0,Sales,43.0,Single,No
303,Martell,Kassulke,U,20/2/72,TE,127189.0,Sales,42.0,Married,Yes
304,Iesha,Franecki,M,16/7/75,TE,100401.0,Sales,45.0,Single,No
307,Colt,Schmitt,F,31/7/90,,79093.0,Sales,32.0,Married,No
307,Percival,Flatley,F,11/12/82,PE,67961.0,Research & Development,41.0,Married,No
308,Elberta,Harvey,F,29/12/88,PE,146691.0,Research & Development,86.0,Married,Yes
309,Beatriz,Brakus,U,12/7/74,TE,118988.0,Sales,84.0,Single,Yes
309,Wilfred,Willms,M,19/7/98,,108311.0,Research & Development,64.0,Married,No
310,Sammy,Dickinson,F,20/4/96,PE,136082.0,Sales,89.0,Married,No
310,Tolbert,Trantow,M,7/9/94,PE,91941.0,Research & Development,87.0,Married,No
312,Rylie,Bode,M,5/3/78,PE,146229.0,Research & Development,58.0,Divorced,Yes
312,Osborne,Bayer,M,13/8/90,PE,111836.0,Sales,72.0,Married,Yes
313,Danette,Ward,U,30/7/87,TE,129422.0,Research & Development,47.0,Single,Yes
317,Arthur,Beatty,M,4/7/74,,89660.0,Research & Development,71.0,Divorced,No
318,Makena,Heidenreich,M,27/8/74,CA,95112.0,Research & Development,67.0,Married,No
318,Bev,Schuster,F,23/6/81,PE,69093.0,Sales,77.0,Divorced,Yes
321,Lim,Schmitt,M,19/2/74,CA,128365.0,Human Resources,58.0,Married,No
325,Migdalia,Sauer,M,24/8/92,PE,144271.0,Sales,71.0,Married,No
325,Latifah,Howe,M,22/3/94,TE,81518.0,Research & Development,49.0,Single,No
326,Mandy,Greenfelder,U,16/11/95,PE,79047.0,Research & Development,48.0,Divorced,Yes
326,Denton,Becker,F,13/5/84,PE,60045.0,Research & Development,66.0,Married,No
327,Amarion,Larkin,M,28/6/87,PE,145321.0,Sales,32.0,Single,No
327,Renea,Erdman,M,3/8/86,PE,64245.0,Sales,39.0,Divorced,No
327,Byrd,Wintheiser,M,1/11/83,PE,62026.0,Research & Development,95.0,Single,No
328,Otha,Keebler,F,4/2/90,PE,141310.0,Research & Development,89.0,Married,No
328,Randal,Greenholt,F,5/5/96,CA,121584.0,Research & Development,34.0,Divorced,No
329,Elizabet,Dickinson,F,13/3/85,CA,117526.0,Research & Development,48.0,Married,No
329,Jailene,Lakin,M,10/11/87,CA,97618.0,Research & Development,32.0,Divorced,No
332,Alston,Grimes,M,14/5/77,CA,118206.0,Sales,59.0,Single,No
332,Kazuko,Abbott,F,7/2/90,PE,58642.0,Sales,55.0,Married,Yes
333,Gidget,Champlin,M,28/4/75,PE,57584.0,Sales,44.0,Single,No
335,Antionette,Morar,U,13/9/73,,76351.0,Research & Development,56.0,Single,No
337,Carlota,Ruecker,U,14/5/73,PE,141437.0,Sales,63.0,Married,Yes
337,Omar,Beier,M,22/1/77,,125879.0,Sales,66.0,Single,Yes
340,Osie,Bruen,M,18/8/79,TE,85492.0,Research & Development,67.0,Married,No
341,Helena,Runte,U,9/12/96,PE,60112.0,Research & Development,36.0,Divorced,No
343,Eldred,Hahn,M,2/9/98,PE,146067.0,Research & Development,30.0,Married,No
344,Elyse,Stroman,F,24/1/75,PE,107074.0,Human Resources,88.0,Married,Yes
345,Jajuan,Leffler,M,15/4/81,,92701.0,Human Resources,71.0,Married,Yes
346,Albertus,Littel,M,6/3/94,,55958.0,Research & Development,59.0,Divorced,Yes
348,Hebert,Muller,M,4/9/90,PE,100324.0,Sales,77.0,Single,No
348,Tiffanie,Hessel,F,9/3/87,PE,64381.0,Research & Development,37.0,Single,No
349,Kamora,Bednar,U,24/7/88,PE,72137.0,Research & Development,40.0,Married,No
350,Maci,Hilll,F,23/11/96,,124359.0,Research & Development,77.0,Single,Yes
350,Wanda,Cartwright,M,9/9/81,PE,87829.0,Research & Development,67.0,Single,No
351,Kurt,Nikolaus,F,14/12/80,PE,101337.0,Research & Development,78.0,Single,No
352,Austin,Collins,U,12/1/91,,59530.0,Research & Development,73.0,Married,No
353,Gigi,Heathcote,U,26/1/97,PE,143397.0,Sales,92.0,Married,No
353,Hayden,Koepp,F,1/1/91,PE,119933.0,Human Resources,82.0,Married,No
353,Annika,Runte,M,24/7/92,,62438.0,Research & Development,76.0,Married,No
354,Levon,Reinger,F,10/1/80,PE,100738.0,Research & Development,57.0,Divorced,Yes
355,Theodis,Ruecker,F,28/6/90,PE,126923.0,Research & Development,84.0,Single,No
357,Darby,Herzog,M,24/5/80,CA,72575.0,Research & Development,59.0,Divorced,No
358,Payton,Homenick,U,2/3/94,,59924.0,Sales,86.0,Married,No
360,Jasmin,Willms,F,27/8/82,PE,126649.0,Sales,54.0,Married,No
360,Claud,Schultz,U,4/12/71,PE,73087.0,Research & Development,72.0,Married,No
360,Myles,Ritchie,M,19/1/79,,69366.0,Research & Development,35.0,Divorced,Yes
362,Janyce,Yundt,F,18/1/83,PE,82091.0,Research & Development,76.0,Married,No
362,Woodson,Dietrich,U,31/5/92,PE,77757.0,Research & Development,98.0,Married,No
363,Moody,Padberg,F,27/6/96,PE,117535.0,Research & Development,43.0,Married,Yes
364,Korbin,Ondricka,M,19/12/81,TE,121109.0,Research & Development,63.0,Single,No
366,Karel,McLaughlin,M,14/5/84,TE,84829.0,Research & Development,48.0,Single,No
366,June,Hamill,U,4/2/81,TE,74381.0,Research & Development,95.0,Married,Yes
366,Jaimee,Ryan,M,14/5/83,PE,65156.0,Research & Development,49.0,Single,No
367,Kerwin,Purdy,U,3/1/79,PE,55215.0,Research & Development,83.0,Married,No
368,Celia,Konopelski,F,8/1/86,PE,61724.0,Sales,68.0,Married,No
370,Theresa,Gulgowski,M,10/1/75,,81277.0,Research & Development,52.0,Single,No
372,Mauricio,Bergnaum,F,25/7/75,CA,140239.0,Research & Development,99.0,Married,No
373,Alize,Murazik,F,8/4/72,,119571.0,Sales,48.0,Married,No
373,Almond,Waters,M,15/4/73,PE,93094.0,Research & Development,42.0,Married,No
374,Birt,Farrell,F,31/8/71,PE,86943.0,Sales,85.0,Divorced,No
376,Kyle,Ankunding,F,31/8/80,PE,146364.0,Sales,67.0,Divorced,No
377,Corry,Wehner,M,8/4/84,PE,93686.0,Research & Development,42.0,Single,Yes
377,Malcolm,Schmitt,M,30/3/74,PE,59482.0,Sales,58.0,Single,Yes
378,Jeannine,Hyatt,U,18/11/70,PE,126739.0,Research & Development,87.0,Single,No
383,Jennie,Feeney,F,5/2/84,PE,108970.0,Sales,33.0,Married,No
384,Felecia,Bednar,M,23/3/96,,106510.0,Sales,94.0,Married,No
385,Marina,Stark,M,19/2/95,TE,98078.0,Research & Development,97.0,Divorced,No
386,Delmas,Daugherty,U,13/2/97,,69926.0,Research & Development,57.0,Divorced,No
387,Ellsworth,Carter,M,24/7/79,TE,138540.0,Research & Development,36.0,Married,Yes
387,Jalen,Waters,F,22/9/80,PE,118124.0,Research & Development,56.0,Married,No
387,Iva,Green,F,30/7/78,PE,67147.0,Research & Development,72.0,Married,No
389,Skyla,Kris,M,2/2/71,CA,149507.0,Research & Development,60.0,Married,No
390,Rosanne,Kihn,M,2/1/90,PE,149941.0,Sales,95.0,Married,No
391,Raekwon,Kuhn,F,6/2/72,CA,149482.0,Sales,88.0,Divorced,No
391,Iesha,Marvin,U,27/6/86,CA,128357.0,Sales,57.0,Divorced,No
392,Karma,Shields,F,16/7/83,TE,103352.0,Research & Development,78.0,Single,No
395,Abie,Kuhn,F,13/9/81,PE,109730.0,Human Resources,31.0,Single,Yes
396,Rudolfo,Schumm,F,6/8/87,CA,110232.0,Sales,100.0,Married,No
397,Millicent,Moen,M,15/3/83,PE,116407.0,Sales,94.0,Divorced,No
398,Chase,Goyette,F,16/12/82,CA,149717.0,Sales,100.0,Married,No
398,Alene,Kuvalis,F,11/10/73,PE,103230.0,Sales,50.0,Single,No
400,Adonis,Kessler,M,1/11/79,PE,86648.0,Research & Development,52.0,Single,No
403,Audry,Dickinson,F,15/4/77,PE,60869.0,Research & Development,80.0,Married,Yes
406,Vida,Hintz,F,28/10/71,PE,121373.0,Research & Development,98.0,Married,No
407,Baylie,Conroy,M,17/6/88,TE,125274.0,Research & Development,62.0,Married,No
409,Rhea,Runolfsdottir,M,13/9/94,PE,98150.0,Research & Development,46.0,Married,Yes
409,Brionna,Block,F,17/4/73,,55607.0,Research & Development,73.0,Single,No
410,Orren,Berge,U,26/4/97,TE,132390.0,Sales,39.0,Divorced,Yes
410,Emeline,Jast,M,8/12/94,PE,129714.0,Sales,60.0,Married,No
410,Johan,Haag,F,8/6/75,PE,118838.0,Research & Development,74.0,Single,No
411,Brody,Hegmann,F,22/4/78,PE,132509.0,Sales,30.0,Single,No
411,Royal,Balistreri,U,24/4/81,PE,112817.0,Research & Development,41.0,Married,No
411,Jennette,Kemmer,F,10/8/93,PE,92197.0,Research & Development,42.0,Married,No
413,Keeley,Conroy,F,17/1/70,PE,55726.0,Research & Development,87.0,Married,Yes
414,Almeda,Murazik,M,12/3/88,TE,134422.0,Sales,63.0,Married,No
415,Quintin,Halvorson,M,7/6/76,,81527.0,Research & Development,82.0,Married,No
418,Doreen,Baumbach,F,29/3/80,PE,55033.0,Bench,40.0,,Yes
419,Royal,Leffler,F,18/12/98,PE,143991.0,Bench,76.0,,No
419,Tari,Waelchi,F,8/10/98,PE,84696.0,Bench,89.0,Married,Yes
420,Judi,Daugherty,F,23/7/80,PE,56124.0,Bench,78.0,Married,No
424,Oland,Bradtke,M,7/7/72,PE,96697.0,Sales,86.0,Married,Yes
424,Gaylon,Fadel,U,5/10/91,TE,64107.0,Sales,77.0,Divorced,No
426,Christop,Frami,M,6/1/97,,56324.0,Research & Development,46.0,Single,No
427,Herbert,Brown,F,21/5/84,PE,130710.0,Sales,30.0,Divorced,Yes
427,Kelsey,Feil,F,14/4/81,TE,122762.0,Research & Development,82.0,Married,No
428,Mansfield,Mosciski,U,22/3/86,PE,135099.0,Sales,78.0,Married,Yes
428,Georgeann,Gislason,F,26/7/91,CA,133563.0,Human Resources,38.0,Married,No
428,Marylee,Schimmel,F,29/6/98,PE,98535.0,Research & Development,72.0,Divorced,No
428,Salomon,Carter,M,30/5/87,,96431.0,Research & Development,67.0,Married,No
429,Izetta,Keeling,M,12/6/73,,138064.0,Sales,43.0,Married,No
429,Ernie,Harber,M,15/10/97,PE,70102.0,Research & Development,97.0,Married,No
430,Jaylynn,Kerluke,M,9/10/97,PE,130936.0,Research & Development,96.0,Single,No
430,Octavia,Schaefer,U,23/2/71,TE,119608.0,Sales,69.0,Single,Yes
430,Joseph,Reynolds,M,28/12/77,PE,97293.0,Research & Development,64.0,Married,No
430,Stephan,Streich,U,8/2/95,PE,80348.0,Research & Development,87.0,Single,No
431,Maynard,Zieme,U,12/10/82,PE,76354.0,Research & Development,100.0,Married,No
436,Anahi,Will,U,11/7/81,PE,127531.0,Research & Development,32.0,Married,No
438,Blanchard,Ryan,M,15/1/97,PE,138655.0,Research & Development,32.0,Single,No
438,Gracelyn,Friesen,M,7/8/74,PE,73455.0,Research & Development,51.0,Married,No
439,Jesenia,Nicolas,M,28/2/79,PE,89252.0,Research & Development,91.0,Married,No
439,Esther,Cartwright,M,14/9/98,,85697.0,Research & Development,97.0,Married,No
442,Lavon,Kunze,M,29/5/91,PE,86608.0,Research & Development,86.0,Divorced,No
442,Kyrie,Sanford,M,15/4/92,PE,75514.0,Sales,64.0,Divorced,Yes
442,Jazmine,Goyette,U,15/2/90,,67732.0,Research & Development,33.0,Single,No
443,Zadie,Gorczany,M,21/6/92,,123502.0,Research & Development,88.0,Single,Yes
443,Tristin,Shields,F,25/8/80,PE,97981.0,Research & Development,55.0,Single,Yes
444,Justus,Ullrich,M,17/1/81,TE,90633.0,Sales,68.0,Married,No
445,Woodson,Bins,F,14/3/92,PE,113482.0,Research & Development,47.0,Married,No
445,Octavia,Cormier,F,21/3/78,,80301.0,Research & Development,39.0,Divorced,No
445,Darrius,Roberts,U,21/1/77,PE,56414.0,Sales,44.0,Divorced,No
446,Kristian,Heidenreich,F,11/7/75,PE,146795.0,Research & Development,97.0,Married,No
446,Jan,Fahey,M,25/10/87,PE,144382.0,Research & Development,40.0,Married,Yes
446,Warren,Corkery,F,9/2/90,PE,70914.0,Research & Development,47.0,Married,No
447,Marin,Schowalter,U,23/10/81,CA,119484.0,Research & Development,79.0,Married,Yes
447,Francies,Schoen,F,4/11/93,PE,94327.0,Research & Development,38.0,Married,Yes
449,Tyquan,Sanford,F,10/9/82,,111819.0,Research & Development,57.0,Divorced,No
449,Eugenia,Will,F,17/8/76,PE,66967.0,Sales,72.0,Divorced,Yes
450,Carrol,Little,M,2/12/82,PE,75423.0,Research & Development,66.0,Single,No
452,Brittaney,Wisoky,M,3/2/74,PE,114863.0,Human Resources,98.0,Single,No
453,Lucretia,Mante,F,24/10/76,PE,98550.0,Research & Development,67.0,Married,No
454,Carmen,Lind,F,8/4/97,TE,147651.0,Research & Development,70.0,Divorced,Yes
455,Isamar,Grimes,M,10/10/91,TE,113122.0,Research & Development,96.0,Married,No
456,Denine,Crona,M,29/10/81,PE,105854.0,Sales,91.0,Single,No
457,Kaelynn,Pollich,M,2/12/95,CA,148552.0,Research & Development,46.0,Single,No
457,Dorathy,Senger,M,26/12/93,CA,64114.0,Sales,64.0,Married,No
458,Desmond,Pfeffer,F,7/4/70,CA,72361.0,Sales,71.0,Married,No
459,Claiborne,Kuhn,F,15/5/95,PE,58088.0,Research & Development,68.0,Married,No
460,Abbey,Fahey,F,27/8/82,,124621.0,Sales,33.0,Married,No
460,Erin,Schmidt,U,30/11/96,PE,107436.0,Sales,69.0,Single,Yes
462,Doris,Effertz,M,15/4/71,,89444.0,Human Resources,78.0,Divorced,No
462,Penelope,Crona,M,12/6/99,PE,80458.0,Research & Development,81.0,Married,No
462,Maddux,Fahey,M,1/7/73,PE,74497.0,Sales,62.0,Single,No
462,Helena,Denesik,M,15/1/75,PE,57771.0,Research & Development,65.0,Single,No
463,Ellison,Bednar,F,10/3/84,PE,81377.0,Research & Development,35.0,Married,No
464,Texanna,Rohan,F,9/9/97,PE,140536.0,Research & Development,60.0,Married,No
466,Isom,Hartmann,U,28/7/86,TE,144872.0,Research & Development,45.0,Married,No
469,Patric,O'Hara,F,17/3/73,PE,120552.0,Research & Development,89.0,Married,No
472,Johny,Volkman,M,25/7/98,PE,143599.0,Research & Development,80.0,Married,No
473,Misti,Hammes,M,14/5/70,,117924.0,Sales,90.0,,No
474,Carey,Harber,U,9/5/90,PE,140852.0,Research & Development,73.0,,No
475,Abe,Schultz,M,15/11/94,CA,71706.0,Research & Development,87.0,Married,Yes
476,Zack,Koch,F,20/11/70,PE,109910.0,Sales,51.0,Married,Yes
476,Jerrilyn,Jakubowski,U,17/6/75,TE,88637.0,Sales,38.0,Married,No
476,Claiborne,Lockman,F,21/12/80,PE,87904.0,Sales,87.0,Divorced,No
476,Lamonte,Rolfson,M,27/9/79,PE,68661.0,Research & Development,59.0,Single,Yes
477,Nathaly,Adams,M,29/1/74,PE,100052.0,Research & Development,45.0,Divorced,No
478,Palma,Beahan,F,6/5/72,PE,124103.0,Sales,80.0,Married,Yes
480,Jarrad,Schmitt,U,19/2/88,PE,126906.0,Research & Development,93.0,Married,No
480,Guss,Schultz,U,27/4/96,PE,95139.0,Sales,46.0,Married,No
482,Anibal,Dare,M,23/5/86,TE,149219.0,Research & Development,92.0,Divorced,No
482,Rahn,Gusikowski,U,2/4/89,CA,124691.0,Research & Development,84.0,Married,No
482,Fran,Pagac,M,31/12/92,PE,99065.0,Research & Development,87.0,Married,No
483,Desirae,Frami,F,8/7/82,PE,105702.0,Research & Development,63.0,Married,No
483,Melissia,Strosin,F,13/12/73,PE,100176.0,Research & Development,56.0,Single,No
483,Lenord,Kihn,M,1/7/94,,64598.0,Sales,51.0,Single,Yes
484,Aryana,Hammes,M,19/6/73,PE,93551.0,Research & Development,85.0,Married,Yes
486,Gorden,Vandervort,F,25/10/77,PE,147202.0,Research & Development,67.0,Single,Yes
486,Kelby,Hessel,M,21/6/72,PE,103945.0,Sales,35.0,Married,No
489,Karma,Herman,F,22/12/94,PE,111818.0,Research & Development,31.0,Married,Yes
490,Beula,Koss,F,29/4/71,,77730.0,Research & Development,48.0,Single,No
490,Chace,Crist,F,2/1/85,PE,71364.0,Research & Development,50.0,Married,Yes
491,Chelsi,Parisian,M,24/2/87,PE,142266.0,Research & Development,52.0,Married,No
491,Cherelle,Waelchi,M,5/7/82,PE,56568.0,Research & Development,54.0,Married,No
492,Edwin,Graham,M,2/5/97,PE,138471.0,Research & Development,76.0,Divorced,Yes
492,Sidney,Reilly,U,11/2/77,TE,67500.0,Research & Development,42.0,Divorced,No
492,Claudine,O'Conner,U,12/7/94,,61888.0,Sales,84.0,Single,No
492,Irl,Okuneva,M,4/10/81,PE,58334.0,Sales,76.0,Single,No
493,Jelani,Quitzon,M,20/3/91,PE,93442.0,Research & Development,67.0,Single,No
493,Manda,McKenzie,F,7/10/89,PE,59627.0,Research & Development,48.0,Married,No
498,Christion,Jones,U,20/10/87,CA,119208.0,Research & Development,39.0,Married,No
499,Cheyanne,Wiza,M,8/3/95,PE,117399.0,Research & Development,97.0,Divorced,No
499,Evette,Marquardt,M,26/3/99,,80151.0,Research & Development,70.0,Divorced,Yes
500,Torrance,Hahn,U,13/6/94,PE,89393.0,Research & Development,98.0,Married,No
501,Raquan,Schmeler,F,31/5/90,CA,137343.0,Research & Development,76.0,Married,No
503,Socorro,Barrows,M,6/8/76,PE,135162.0,Research & Development,80.0,Married,No
503,Patrick,Boehm,U,23/10/89,,111033.0,Sales,52.0,Married,No
504,Dorla,Stark,M,14/8/98,,134767.0,Human Resources,85.0,Married,No
505,Lue,Von,F,10/12/86,PE,119230.0,Research & Development,81.0,Divorced,No
508,Ally,Turcotte,U,30/6/94,PE,130803.0,Research & Development,59.0,Divorced,No
509,Kendall,Harvey,M,18/10/75,CA,142874.0,Research & Development,54.0,Single,Yes
509,Clemens,West,U,12/10/81,PE,134268.0,Research & Development,55.0,Single,No
510,Billy,Reilly,M,30/4/77,,75300.0,Research & Development,71.0,Married,No
511,Mace,Cormier,M,29/5/93,PE,122923.0,Research & Development,84.0,Divorced,Yes
512,Cordell,Rempel,F,10/4/95,PE,120924.0,Research & Development,37.0,Married,Yes
512,Sybilla,Kreiger,M,20/9/81,PE,89122.0,Sales,89.0,Single,No
513,Devyn,O'Conner,M,12/1/94,PE,130685.0,Research & Development,59.0,Single,Yes
514,Mickey,Pagac,F,23/5/84,CA,133279.0,Research & Development,32.0,Married,Yes
514,Kenny,Shields,M,30/11/96,PE,133041.0,Human Resources,86.0,Married,No
515,Adelard,Abshire,F,15/12/73,PE,66031.0,Research & Development,87.0,Married,No
516,Chuck,Watsica,M,24/2/84,,135153.0,Sales,73.0,Married,Yes
516,Sherrie,Parker,U,17/11/77,CA,115952.0,Research & Development,42.0,Single,No
517,Ashley,Emard,F,9/1/71,PE,149670.0,Research & Development,42.0,Divorced,No
517,Dinah,Ortiz,U,21/7/91,,129401.0,Research & Development,77.0,Married,No
517,Alice,Doyle,M,1/8/98,PE,119391.0,Research & Development,66.0,Single,No
520,Olan,Homenick,U,7/9/91,TE,148916.0,Sales,72.0,Single,No
520,Sky,Collins,U,28/4/84,CA,137270.0,Research & Development,50.0,Married,No
520,Octavio,Emard,U,29/1/75,PE,133131.0,Research & Development,31.0,Married,No
520,Inga,Boehm,M,8/5/76,PE,129020.0,Research & Development,66.0,Married,No
520,Kasey,Christiansen,U,9/8/76,CA,121419.0,Research & Development,77.0,Married,No
520,Hazel,Bruen,F,19/1/80,,89167.0,Research & Development,41.0,Married,Yes
522,Sannie,White,M,13/5/75,,117537.0,Sales,33.0,,No
525,Semaj,Rowe,M,7/7/70,PE,89280.0,Research & Development,79.0,,No
527,Aurora,Fritsch,M,12/5/70,CA,132233.0,Research & Development,91.0,Married,No
527,Dolly,Ryan,U,26/3/92,CA,120725.0,Research & Development,65.0,Married,No
527,Terrance,Schroeder,F,2/6/89,PE,76154.0,Research & Development,36.0,Married,Yes
530,Sullivan,Mueller,F,24/2/76,PE,114085.0,Research & Development,90.0,Divorced,No
531,Sky,Schowalter,F,17/6/78,,68018.0,Research & Development,43.0,Single,Yes
532,Sula,Funk,F,6/4/79,,73487.0,Research & Development,93.0,Divorced,No
533,Algernon,Spencer,U,30/3/83,PE,72979.0,Sales,45.0,Married,No
535,Armani,McClure,F,20/6/73,TE,110082.0,Research & Development,67.0,Married,No
536,Edmund,Champlin,F,27/5/78,PE,117105.0,Sales,74.0,Married,Yes
537,Clarence,Kemmer,U,5/1/93,,89101.0,Sales,67.0,Divorced,No
540,Elisha,Haag,U,25/1/84,PE,74124.0,Research & Development,47.0,Married,No
541,Madalyn,Dach,M,11/7/79,PE,143222.0,Sales,36.0,Married,No
541,Ruth,Eichmann,U,19/3/73,,98816.0,Research & Development,80.0,Married,Yes
541,Claire,Kiehn,M,7/12/76,PE,70316.0,Research & Development,54.0,Single,No
542,Mat,Nienow,F,14/6/95,,141463.0,Sales,36.0,Single,Yes
542,Casimer,Reynolds,M,6/1/80,PE,76821.0,Research & Development,80.0,Married,No
544,Karol,Parisian,M,1/6/92,TE,99501.0,Sales,44.0,Single,Yes
544,Henrietta,Greenholt,U,6/4/77,PE,93206.0,Sales,93.0,Married,Yes
548,Francine,Mayer,M,17/2/97,PE,80200.0,Sales,87.0,Married,No
550,Dove,Runolfsdottir,F,4/3/72,PE,137960.0,Research & Development,48.0,Single,No
551,Arden,Hoeger,F,25/4/88,,89713.0,Human Resources,95.0,Married,Yes
552,Sydni,Rutherford,U,27/12/95,PE,123683.0,Research & Development,95.0,Married,No
553,Brandi,Klein,F,19/10/76,PE,71013.0,Research & Development,76.0,Married,No
554,Denisha,Price,M,21/6/99,PE,87662.0,Research & Development,94.0,Divorced,No
556,Kahlil,Glover,M,19/2/83,TE,70487.0,Sales,57.0,Divorced,No
558,Monroe,Pacocha,M,22/8/86,PE,122011.0,Research & Development,92.0,Single,No
558,Miley,Kshlerin,M,21/11/94,,66572.0,Research & Development,79.0,Single,No
561,Kari,Conn,F,19/1/80,,58570.0,Research & Development,31.0,Single,No
562,Alpheus,Mayer,F,25/1/77,PE,83631.0,Research & Development,35.0,Married,No
563,Draven,Gleichner,F,14/11/93,PE,109525.0,Research & Development,99.0,Married,Yes
565,North,McLaughlin,F,31/10/88,PE,128329.0,Research & Development,96.0,Divorced,Yes
566,Minor,Bradtke,U,28/1/78,CA,111715.0,Sales,79.0,Divorced,Yes
566,Mia,Von,M,11/7/86,PE,103794.0,Research & Development,73.0,Married,Yes
569,Fernanda,Anderson,U,11/11/73,PE,100056.0,Sales,62.0,Married,No
569,Angella,Harvey,F,21/1/88,CA,77758.0,Research & Development,35.0,Married,No
570,Chimere,Wunsch,F,13/8/97,PE,94717.0,Research & Development,43.0,Married,No
570,Corda,Lowe,U,18/4/79,,70581.0,Sales,51.0,Married,No
573,Laverne,Schiller,F,5/3/76,PE,131800.0,Research & Development,74.0,Divorced,No
575,Qiana,Gutkowski,U,25/10/71,PE,115611.0,Sales,58.0,Divorced,No
578,Raheem,Rogahn,M,5/9/97,,119569.0,Research & Development,82.0,Single,No
578,Lenord,Mraz,M,25/6/97,PE,102116.0,Sales,62.0,Single,No
580,Rashaan,Mills,M,16/5/97,PE,72516.0,Research & Development,48.0,Married,No
581,Tobi,Cummings,M,7/10/90,TE,135521.0,Human Resources,56.0,Divorced,No
583,Mabel,O'Hara,F,28/10/82,PE,136284.0,Sales,69.0,Married,No
583,Wally,Cremin,F,4/12/78,PE,110306.0,Research & Development,60.0,Single,No
583,Camila,Tillman,M,3/4/77,PE,99941.0,Research & Development,92.0,Single,Yes
583,Jayce,Kub,U,29/5/82,PE,97761.0,Research & Development,91.0,Married,No
584,Kymani,Erdman,U,13/5/89,TE,82247.0,Research & Development,67.0,Married,No
586,Barton,Stokes,F,10/5/91,PE,97214.0,Human Resources,49.0,Married,No
586,Arianna,Gorczany,F,15/10/73,,87397.0,Research & Development,33.0,Married,No
587,Sherrie,Hudson,U,4/10/70,PE,145960.0,Research & Development,87.0,Single,No
590,Deidre,Graham,F,18/2/84,,85806.0,Research & Development,74.0,Divorced,Yes
590,Santana,Jones,F,9/3/99,TE,85004.0,Research & Development,96.0,Married,Yes
592,Marsha,Price,F,17/11/82,TE,86095.0,Research & Development,34.0,Single,No
593,Syble,Ebert,U,5/11/94,PE,117818.0,Sales,30.0,Married,No
597,Tessa,Howell,U,7/10/82,PE,83065.0,Sales,77.0,Married,Yes
599,Joshuah,Walker,F,12/4/82,TE,127064.0,Sales,80.0,Married,No
599,Echo,Lowe,F,29/12/84,PE,58458.0,Research & Development,88.0,Married,No
600,Ewell,Hammes,M,5/9/72,PE,119049.0,Research & Development,56.0,Married,No
600,Lani,Lang,M,6/7/74,,105188.0,Research & Development,78.0,,No
606,Patty,Swift,F,26/12/87,CA,126589.0,Sales,59.0,,No
606,Lorrie,Crist,F,25/7/81,PE,111104.0,Sales,66.0,,No
606,Jonell,Frami,M,30/3/89,PE,64124.0,Human Resources,51.0,Married,No
606,Vela,Lueilwitz,M,13/11/79,TE,61581.0,Research & Development,67.0,Married,No
606,Stafford,King,M,12/12/96,,60367.0,Human Resources,52.0,Married,No
607,Garvin,Hermann,U,21/11/88,PE,138378.0,Human Resources,70.0,Divorced,Yes
607,Alto,Wisozk,F,11/1/75,PE,136728.0,Sales,94.0,Single,No
607,Stuart,Cronin,F,18/11/71,,128312.0,Research & Development,97.0,Divorced,Yes
607,Taj,Cole,U,11/12/94,PE,92292.0,Sales,62.0,Married,No
607,May,Doyle,F,21/6/92,PE,65658.0,Research & Development,80.0,Married,No
609,Arbie,Wiza,U,7/12/93,PE,82997.0,Sales,74.0,Married,Yes
609,Alana,Gaylord,F,27/10/76,,71825.0,Research & Development,75.0,Divorced,No
610,Americo,Hyatt,M,23/9/85,PE,148119.0,Sales,70.0,Married,No
610,Sidney,Johnson,F,12/12/90,PE,141549.0,Sales,91.0,Married,No
611,Deetta,Lowe,F,11/1/71,PE,107681.0,Sales,58.0,Married,No
611,Weldon,Cronin,M,26/12/88,PE,83682.0,Research & Development,65.0,Single,No
613,Leva,Berge,M,8/6/78,PE,90204.0,Sales,60.0,Single,Yes
615,Kyleigh,Rutherford,F,12/12/97,PE,67230.0,Research & Development,38.0,Married,Yes
617,Rickey,Aufderhar,U,27/12/94,PE,139864.0,Research & Development,57.0,Single,No
619,Dijon,Kohler,U,2/7/88,,82779.0,Research & Development,60.0,Married,No
621,Saint,Hayes,F,9/8/93,,128053.0,Research & Development,90.0,Married,No
622,Marley,Okuneva,F,27/10/78,PE,146836.0,Research & Development,94.0,Single,No
622,Dakotah,Kirlin,M,5/11/76,PE,93349.0,Research & Development,87.0,Married,Yes
623,Tyrique,Gusikowski,F,10/2/71,PE,145009.0,Research & Development,60.0,Married,Yes
624,Serenity,Senger,F,19/4/93,TE,85681.0,Research & Development,97.0,Married,No
626,Uriah,Schmidt,U,8/12/97,PE,88767.0,Research & Development,32.0,Divorced,No
627,Edwin,Abbott,M,21/12/79,,139549.0,Sales,31.0,Divorced,No
627,Alphonsine,Bode,F,13/7/78,PE,72830.0,Research & Development,40.0,Single,No
628,Lucretia,Shanahan,U,2/7/83,CA,128515.0,Human Resources,79.0,Single,Yes
629,Broderick,Mills,F,25/4/86,PE,104727.0,Sales,91.0,Single,No
630,Iola,Hilpert,M,1/12/74,,100923.0,Sales,53.0,Married,No
631,Milan,O'Conner,M,1/7/75,,116626.0,Research & Development,46.0,Married,No
631,Becky,Murazik,F,26/3/87,PE,112854.0,Research & Development,46.0,Divorced,Yes
632,Linette,Mante,U,27/5/97,PE,146708.0,Sales,90.0,Divorced,Yes
632,Josephus,Collier,M,13/11/86,,103524.0,Research & Development,99.0,Married,Yes
632,Sharonda,Doyle,M,22/10/82,PE,71172.0,Sales,89.0,Married,No
634,Corina,Schowalter,U,2/3/74,PE,91252.0,Research & Development,84.0,Married,Yes
635,Lolita,Kuvalis,F,29/7/88,PE,140096.0,Research & Development,90.0,Married,No
637,Iyanna,Bauch,F,12/6/85,PE,117873.0,Research & Development,82.0,Married,No
638,Crockett,Zieme,U,25/8/78,PE,86551.0,Human Resources,65.0,Divorced,No
639,Dulcie,Lemke,F,15/5/70,,59796.0,Sales,98.0,Divorced,No
640,Clint,Feil,F,18/12/75,PE,120068.0,Research & Development,99.0,Single,No
643,Stella,Homenick,M,29/9/75,PE,149108.0,Research & Development,95.0,Single,No
645,Kayley,Predovic,F,20/5/73,,108400.0,Research & Development,90.0,Married,No
645,Clearence,Turner,M,17/5/97,PE,98536.0,Sales,100.0,Divorced,No
646,Nova,Predovic,U,25/1/97,PE,103012.0,Research & Development,93.0,Married,No
648,Reina,Roob,M,11/5/94,,65167.0,Research & Development,58.0,Single,No
648,Luella,Tromp,M,24/1/70,PE,55559.0,Research & Development,83.0,Single,No
655,Trey,Conn,F,21/4/78,PE,118809.0,Human Resources,52.0,Married,No
656,Isabel,Hilpert,M,1/3/77,CA,64781.0,Research & Development,85.0,Married,No
657,Juana,Russel,F,8/7/91,,142237.0,Research & Development,81.0,Married,Yes
659,Tatyana,Cassin,M,4/2/87,TE,62908.0,Sales,64.0,Married,No
660,Rebekah,Ullrich,F,4/12/86,,118321.0,Research & Development,69.0,Single,Yes
662,Sherwin,Witting,F,1/5/77,PE,73338.0,Research & Development,66.0,Divorced,No
663,Rae,Wolf,U,13/1/98,,98996.0,Sales,52.0,Married,No
666,Alysha,Greenholt,U,24/1/84,TE,141005.0,Research & Development,92.0,Single,No
666,Ross,Konopelski,F,30/5/99,,87013.0,Human Resources,52.0,Single,No
667,Tasia,Nitzsche,F,6/3/72,PE,117011.0,Research & Development,91.0,Married,No
667,Hymen,Kub,M,17/1/82,PE,64141.0,Research & Development,92.0,Married,Yes
668,Karrie,Prosacco,F,23/12/70,PE,119203.0,Sales,47.0,Married,No
668,Lorinda,Rogahn,U,20/10/91,PE,95436.0,Sales,68.0,Married,No
669,Evaline,Bashirian,U,20/12/88,PE,108479.0,Research & Development,68.0,Married,No
672,Sedrick,Waelchi,F,19/4/75,TE,92351.0,Research & Development,67.0,,No
672,Fannie,Lemke,M,4/9/90,PE,85872.0,Research & Development,77.0,,Yes
673,Aubrie,Kuphal,U,29/9/91,PE,148177.0,Research & Development,46.0,Married,No
673,Haleigh,Herzog,M,24/7/94,,115672.0,Sales,87.0,Married,Yes
673,Demian,Barrows,F,29/7/80,PE,74930.0,Research & Development,33.0,Married,No
674,Delpha,Frami,F,2/6/86,PE,95014.0,Sales,89.0,Divorced,No
675,Madden,Hessel,M,21/8/78,PE,137376.0,Sales,56.0,Single,Yes
676,Jaelynn,Morissette,M,24/1/81,,96862.0,Research & Development,67.0,Divorced,No
678,Juliet,Hagenes,U,19/8/79,PE,83360.0,Research & Development,73.0,Married,Yes
679,Marie,Gibson,M,22/3/82,,138310.0,Human Resources,92.0,Married,No
679,Katelin,Huels,M,17/12/96,PE,65039.0,Human Resources,53.0,Married,Yes
681,Kassie,Rogahn,F,23/9/85,PE,110676.0,Sales,40.0,Divorced,No
681,Triston,Yundt,F,29/3/70,TE,86467.0,Research & Development,79.0,Married,No
681,Sebrina,Gibson,F,24/3/91,PE,72679.0,Sales,38.0,Married,No
682,Shawanda,Harber,F,29/1/90,PE,130551.0,Research & Development,64.0,Married,No
683,Wesley,Wiza,F,7/6/89,PE,68935.0,Research & Development,82.0,Single,No
684,Ethelbert,Koch,F,15/4/72,PE,124780.0,Sales,43.0,Single,No
686,Harvy,Schmeler,U,16/5/82,PE,136674.0,Research & Development,93.0,Married,No
686,Jedidiah,Carroll,M,16/2/76,PE,124095.0,Research & Development,81.0,Single,No
686,Charlsie,Hirthe,M,15/8/75,PE,62393.0,Research & Development,82.0,Married,Yes
687,Willie,Runte,U,10/7/98,,143318.0,Human Resources,67.0,Married,No
687,Columbia,Pacocha,F,4/10/94,PE,129147.0,Research & Development,36.0,Single,No
687,Christa,King,F,25/3/94,CA,128960.0,Research & Development,87.0,Married,No
690,Dejah,Mertz,F,6/8/78,PE,113054.0,Sales,81.0,Married,No
690,Markel,Beer,M,5/8/97,PE,95954.0,Sales,91.0,Married,No
691,Georgie,Friesen,F,14/7/86,PE,125873.0,Sales,73.0,Divorced,Yes
692,Val,Schmitt,M,6/5/77,PE,132677.0,Human Resources,64.0,Divorced,No
692,London,Denesik,M,5/1/92,CA,72160.0,Research & Development,77.0,Single,No
693,Hakim,Towne,F,5/1/75,PE,132437.0,Research & Development,41.0,Single,No
695,Mack,Nolan,F,26/1/98,PE,121793.0,Research & Development,98.0,Single,No
696,Marco,Heidenreich,M,14/8/78,PE,59639.0,Sales,78.0,Married,No
698,Elvis,Kunze,M,19/6/79,PE,138143.0,Research & Development,89.0,Married,No
699,Gloria,Treutel,F,16/12/95,PE,100276.0,Research & Development,75.0,Divorced,Yes
700,Jaiden,Hirthe,M,26/9/70,CA,62770.0,Research & Development,63.0,Divorced,Yes
702,Clella,Greenholt,U,1/6/94,PE,121203.0,Sales,89.0,Married,No
705,Elmo,Jacobson,M,26/1/82,PE,104313.0,Sales,64.0,Married,Yes
705,Kathyrn,Balistreri,F,6/3/99,PE,68773.0,Research & Development,59.0,Married,No
707,Ewell,Sawayn,F,23/3/93,PE,117610.0,Sales,78.0,Married,Yes
707,Erling,Nienow,F,31/12/70,,94938.0,Research & Development,44.0,Married,Yes
707,Leesa,Friesen,M,18/9/96,,80722.0,Sales,93.0,Divorced,No
708,Opal,Koelpin,M,21/2/75,PE,132691.0,Research & Development,94.0,Divorced,No
709,Loula,Botsford,F,19/1/95,,100518.0,Research & Development,98.0,Single,No
710,Jaycee,Koss,M,15/10/71,TE,147143.0,Research & Development,90.0,Single,Yes
710,Donato,Vandervort,M,18/9/85,PE,141040.0,Research & Development,89.0,Married,No
710,Noreen,Bayer,M,26/7/85,,131732.0,Human Resources,58.0,Divorced,No
710,Eldred,Kshlerin,F,24/9/75,PE,92262.0,Research & Development,78.0,Married,No
712,Damian,Marvin,F,21/5/75,PE,135791.0,Research & Development,85.0,Single,Yes
712,Yahir,Kertzmann,F,27/10/70,,95140.0,Sales,97.0,Single,No
712,Dann,Crooks,U,25/12/83,CA,66592.0,Research & Development,33.0,Married,No
713,Ula,Rogahn,M,1/4/97,,97009.0,Research & Development,54.0,Married,No
713,Kaci,Berge,U,22/3/90,PE,72666.0,Research & Development,83.0,Married,No
714,Sylvan,Spinka,F,9/11/85,PE,94445.0,Research & Development,86.0,Married,Yes
717,Helyn,Fadel,F,5/9/85,PE,70770.0,Sales,75.0,Single,Yes
718,Lindy,Gottlieb,M,25/2/94,PE,66430.0,Sales,62.0,Divorced,No
719,Leola,Schroeder,F,31/12/72,PE,72369.0,Research & Development,61.0,Married,No
720,Alfred,Wiza,F,20/2/99,TE,61723.0,Sales,44.0,Single,No
721,Hasel,Leannon,M,31/7/89,CA,121109.0,Sales,43.0,Single,No
723,Williemae,Wilkinson,M,22/10/87,PE,106398.0,Research & Development,42.0,Married,Yes
724,Gunnar,Prosacco,M,26/1/79,PE,126024.0,Research & Development,45.0,Married,No
725,Nova,Klein,F,28/12/73,PE,123331.0,Research & Development,32.0,Married,No
725,Lance,Ratke,M,3/8/79,PE,84832.0,Sales,41.0,Married,No
725,Corene,Boehm,M,11/2/72,TE,76070.0,Sales,86.0,Married,Yes
728,Matie,Lubowitz,F,27/4/84,PE,119788.0,Sales,84.0,,Yes
728,Carmel,Shields,F,8/1/96,PE,81050.0,Sales,64.0,,No
729,Abril,Hansen,U,25/1/71,TE,66703.0,Research & Development,89.0,Single,No
731,Abraham,Botsford,M,1/6/90,,80828.0,Research & Development,87.0,Married,No
732,Dandre,Bartoletti,F,16/6/75,PE,65582.0,Sales,58.0,Single,Yes
733,Lilla,Blanda,U,14/11/78,PE,66934.0,Research & Development,72.0,Married,Yes
735,Davon,Conn,U,4/2/71,,126723.0,Sales,47.0,Single,Yes
735,Lucius,Kautzer,F,24/7/94,CA,77156.0,Research & Development,71.0,Divorced,No
739,Camille,Renner,U,7/1/88,,121689.0,Research & Development,42.0,Divorced,No
743,Zack,Kling,F,21/11/81,PE,138431.0,Sales,77.0,Married,Yes
743,Katerina,Runolfsson,F,5/7/90,PE,87137.0,Research & Development,58.0,Married,No
743,Baker,Auer,F,28/12/86,PE,72467.0,Research & Development,71.0,Married,No
743,Dessa,Crona,F,6/4/75,,60560.0,Research & Development,49.0,Single,No
744,Viridiana,Beahan,F,29/3/86,PE,142546.0,Sales,48.0,Divorced,Yes
744,Ivory,Mante,M,4/9/84,CA,81133.0,Human Resources,66.0,Single,No
745,Tremaine,Stanton,F,29/7/73,PE,115953.0,Sales,32.0,Married,No
745,Norine,Bode,U,2/10/94,,112224.0,Research & Development,39.0,Married,No
745,Stephenie,White,M,11/1/95,PE,109304.0,Research & Development,95.0,Married,No
745,Anjanette,Marvin,F,11/8/96,,74834.0,Research & Development,89.0,Single,No
747,Gladys,Morissette,F,4/8/87,PE,133905.0,Sales,34.0,Single,No
747,Charley,Hessel,M,23/3/98,PE,90608.0,Sales,48.0,Divorced,No
747,Vernia,Ritchie,M,25/10/88,,70673.0,Research & Development,32.0,Single,No
748,Nevin,Nicolas,F,30/8/89,TE,81635.0,Research & Development,59.0,Married,No
749,Hartley,Harber,U,5/5/78,,148713.0,Research & Development,55.0,Single,Yes
749,Drake,Conroy,F,28/11/88,TE,146475.0,Research & Development,44.0,Married,No
749,Berneice,Wilkinson,M,15/8/79,PE,91162.0,Research & Development,56.0,Single,No
750,Mozelle,Ullrich,M,8/6/99,PE,149146.0,Sales,63.0,Single,Yes
751,Brooke,Morar,F,1/8/83,PE,126294.0,Sales,66.0,Single,Yes
751,Eric,Gislason,U,29/10/84,TE,70713.0,Sales,67.0,Married,No
753,Jayne,Blanda,M,23/1/87,PE,92728.0,Research & Development,36.0,Single,No
754,Elige,Rempel,M,11/12/76,PE,84343.0,Sales,30.0,Single,No
757,Virginia,Ullrich,M,23/9/91,PE,144957.0,Sales,88.0,Married,Yes
757,Leota,O'Keefe,M,2/1/94,,97408.0,Research & Development,71.0,Married,Yes
757,Toma,Leuschke,U,31/5/99,,90620.0,Research & Development,59.0,Married,Yes
758,Avis,Hayes,M,1/2/87,,67180.0,Research & Development,77.0,Married,No
759,Selene,Grady,U,31/3/91,PE,139412.0,Human Resources,37.0,Single,No
760,Durwood,Prosacco,M,31/8/80,CA,114870.0,Human Resources,40.0,Married,No
761,Flor,Schamberger,M,10/5/84,PE,101162.0,Research & Development,77.0,Married,Yes
762,Jerica,Sauer,M,12/3/82,,120954.0,Sales,45.0,Married,No
762,Dolores,Trantow,F,24/5/99,PE,117449.0,Research & Development,78.0,Married,No
762,Fitzgerald,Welch,M,11/4/91,CA,88134.0,Research & Development,73.0,Single,No
762,Geary,Nienow,M,3/11/80,PE,59300.0,Research & Development,92.0,Divorced,No
763,Effa,Senger,F,24/7/74,TE,143664.0,Research & Development,82.0,Divorced,No
763,Virginia,Heaney,F,9/12/95,TE,110331.0,Research & Development,76.0,Divorced,No
763,Kiara,Gerlach,M,26/11/84,,108015.0,Research & Development,57.0,Married,Yes
763,Corda,Wehner,M,13/5/90,CA,77291.0,Sales,84.0,Married,No
764,Marisela,Green,F,3/12/79,PE,67236.0,Human Resources,59.0,Single,No
765,Hildur,Marvin,U,10/1/89,PE,120225.0,Research & Development,86.0,Divorced,No
765,Kristen,Bechtelar,U,17/6/94,TE,95144.0,Research & Development,54.0,Married,No
766,Johathan,Cruickshank,M,31/7/82,CA,130472.0,Research & Development,72.0,Married,No
766,Jace,Russel,U,29/11/98,,71119.0,Research & Development,35.0,Married,Yes
767,Joshua,Renner,M,26/2/79,PE,109423.0,Sales,76.0,Married,No
769,Ardell,Carter,F,9/7/93,TE,129321.0,Sales,98.0,Single,No
769,Madaline,Hammes,F,24/5/74,,66521.0,Research & Development,67.0,Married,Yes
771,Ryleigh,Waters,U,11/5/75,PE,96238.0,Research & Development,63.0,Divorced,No
772,Jabez,McLaughlin,M,12/1/71,PE,141535.0,Research & Development,48.0,Married,No
772,Linsey,Grant,F,11/11/74,PE,73168.0,Research & Development,95.0,Married,Yes
773,Dijon,Brakus,F,17/8/82,,129734.0,Research & Development,49.0,Married,No
775,Verna,Kunze,F,5/8/91,PE,100598.0,Research & Development,83.0,Married,No
775,Anfernee,Mitchell,F,17/5/88,PE,92425.0,Research & Development,68.0,Single,No
777,Charlsie,Schuppe,U,24/3/76,PE,78911.0,Research & Development,52.0,Married,No
779,Codey,Nitzsche,F,18/6/81,CA,85500.0,Research & Development,99.0,Married,No
779,Bernard,Leuschke,U,17/8/80,,62571.0,Research & Development,48.0,Married,No
779,Alannah,Spencer,M,2/8/78,PE,55923.0,Sales,42.0,Married,Yes
780,Destiny,Kirlin,M,30/9/94,CA,120558.0,Research & Development,85.0,Single,Yes
780,Casen,Rowe,M,22/4/90,,120179.0,Research & Development,40.0,Single,No
780,Hailey,Luettgen,M,25/2/79,PE,64791.0,Sales,42.0,Single,Yes
780,Elaine,Von,M,6/7/72,PE,63224.0,Research & Development,58.0,Single,Yes
781,Romeo,Kohler,F,30/9/70,CA,75400.0,Sales,87.0,Married,No
782,Harmony,Witting,M,6/11/87,PE,91591.0,Sales,33.0,Divorced,No
784,Duard,Reichert,F,22/5/84,PE,146078.0,Research & Development,94.0,Married,No
784,Vernie,Mann,U,2/1/94,,92651.0,Sales,97.0,Married,No
784,Julisa,Murazik,U,30/9/87,PE,75235.0,Research & Development,57.0,Married,No
785,Bridgette,Ward,F,13/7/92,PE,77710.0,Sales,36.0,Single,Yes
787,Willow,Shields,F,8/8/94,PE,80748.0,Sales,56.0,Married,No
789,Reid,Tromp,M,20/8/90,,136597.0,Research & Development,72.0,Married,No
790,Johnny,Wehner,F,4/7/74,,72728.0,Research & Development,60.0,Married,No
791,Asia,Hane,F,20/12/95,,110038.0,Research & Development,95.0,Divorced,No
792,Akeem,Mann,F,26/11/74,PE,120863.0,Research & Development,88.0,Married,No
792,Nanci,Schuppe,F,30/12/89,PE,56949.0,Research & Development,57.0,Single,No
793,Laurene,Kohler,M,15/2/78,PE,121461.0,Research & Development,78.0,Married,No
794,Daniel,Zboncak,M,23/10/84,PE,97560.0,Sales,31.0,Married,Yes
795,Ashlyn,Schinner,M,21/10/77,,102601.0,Sales,100.0,Married,No
797,Corinne,Becker,U,24/3/96,,121953.0,Sales,94.0,Married,No
797,Oline,Bednar,F,2/11/92,TE,121636.0,Research & Development,100.0,Divorced,No
798,Clinton,Morar,M,5/9/91,PE,118143.0,Human Resources,50.0,Married,No
799,Clemens,Heathcote,F,15/8/85,PE,107976.0,Sales,52.0,Single,No
799,Valentino,Hudson,M,16/9/88,PE,98463.0,Sales,80.0,Married,Yes
801,Kazuko,Bechtelar,U,3/4/95,PE,97902.0,Sales,98.0,Single,No
801,Raven,Hammes,M,20/6/88,,97382.0,Sales,62.0,Married,No
802,Hilton,Nienow,U,13/10/93,TE,75005.0,Research & Development,46.0,Divorced,Yes
805,Tommie,Kreiger,F,19/2/81,CA,139040.0,Research & Development,73.0,Married,No
805,Blanche,Abernathy,U,25/6/89,PE,77772.0,Research & Development,39.0,Married,Yes
806,Clair,Stokes,M,31/8/78,PE,76691.0,Research & Development,60.0,Divorced,No
808,Katharyn,Boyer,M,28/1/71,PE,103177.0,Research & Development,74.0,Married,No
808,Aleah,Bosco,M,13/4/76,PE,67831.0,Research & Development,30.0,Divorced,No
809,Milas,Williamson,F,2/11/77,PE,93584.0,Sales,41.0,Single,No
812,Sincere,Russel,F,21/10/96,PE,139171.0,Sales,42.0,Single,No
812,Kayley,Walker,U,13/8/81,,89921.0,Research & Development,87.0,Married,Yes
813,Cyril,Fahey,M,16/4/71,CA,146821.0,Sales,63.0,Divorced,No
813,Rudolf,Paucek,F,7/3/72,,110663.0,Research & Development,82.0,Married,No
813,Laura,Hartmann,F,5/12/88,PE,63915.0,Research & Development,40.0,Married,Yes
814,Jarrod,Williamson,F,24/7/89,PE,126979.0,Research & Development,76.0,Married,No
814,Laddie,Stroman,F,11/1/96,PE,72613.0,Sales,89.0,Single,Yes
814,Chaya,Zboncak,M,16/5/89,PE,62362.0,Research & Development,78.0,Divorced,No
814,Kendall,Kilback,M,5/9/84,PE,59078.0,Bench,86.0,Married,Yes
817,Lacey,Dickens,F,23/7/71,,96147.0,Sales,77.0,Married,No
818,Racheal,Funk,M,23/1/88,PE,120223.0,Sales,46.0,Married,No
818,Mikeal,Deckow,M,5/12/70,TE,99191.0,Research & Development,30.0,Single,Yes
819,Jed,Casper,U,21/4/98,CA,98343.0,Sales,82.0,Married,No
824,Mathilda,Cormier,F,7/8/78,TE,140012.0,Research & Development,78.0,Married,Yes
824,Brendan,Block,F,10/10/96,TE,123597.0,Sales,38.0,Divorced,No
824,Kami,Langworth,M,22/8/96,PE,72960.0,Human Resources,72.0,Single,No
825,Loris,Volkman,M,26/7/94,CA,83511.0,Research & Development,55.0,Married,No
826,Braydon,Ritchie,F,17/5/95,PE,60911.0,Research & Development,43.0,Single,No
827,Venie,Becker,M,15/3/73,TE,148967.0,Sales,97.0,Single,No
828,Magdalena,Reichert,M,2/9/93,PE,55366.0,Research & Development,96.0,Single,No
829,Halley,Armstrong,M,15/7/72,PE,96508.0,Research & Development,69.0,Married,Yes
829,Shade,Runte,M,8/11/91,PE,56935.0,Sales,64.0,Divorced,No
835,Zelia,Lakin,M,2/7/89,CA,125912.0,Research & Development,87.0,Married,No
835,Olar,Pagac,M,15/2/97,,93548.0,Research & Development,100.0,Married,No
835,Vikki,Schiller,M,31/10/84,PE,72145.0,Research & Development,32.0,Divorced,No
836,Tammy,Nolan,U,2/8/74,TE,127199.0,Research & Development,32.0,Single,No
837,Nikhil,Lemke,F,6/6/82,PE,109382.0,Research & Development,51.0,Divorced,No
840,Vassie,Turcotte,F,22/5/99,PE,138513.0,Research & Development,91.0,Single,No
841,Kimber,Larson,F,24/3/98,PE,149164.0,Research & Development,97.0,Married,No
841,Annamarie,Blanda,M,23/3/82,PE,106169.0,Research & Development,86.0,Married,No
841,Sarai,Heidenreich,F,8/3/83,PE,76742.0,Research & Development,64.0,Divorced,Yes
843,Lillian,Bogisich,U,12/11/91,PE,72411.0,Sales,33.0,Married,No
845,Wendel,Dibbert,F,2/8/92,PE,144099.0,Research & Development,88.0,Married,Yes
845,Candace,Predovic,M,2/3/86,TE,98922.0,Research & Development,55.0,Single,Yes
845,Shellie,Zboncak,M,27/8/88,PE,80332.0,Research & Development,68.0,Married,No
845,Kayleen,Hodkiewicz,F,29/5/86,,58755.0,Sales,47.0,Divorced,No
846,Cleo,O'Kon,M,22/12/74,PE,108288.0,Research & Development,39.0,Divorced,No
846,Rutha,Emmerich,F,16/12/93,CA,73547.0,Research & Development,44.0,Divorced,No
847,Dequan,Brown,U,29/5/86,PE,119370.0,Sales,97.0,Married,No
847,Cory,Funk,F,18/2/99,PE,80614.0,Research & Development,40.0,Divorced,Yes
850,Arnulfo,Dickens,F,16/11/95,PE,135303.0,Research & Development,47.0,Single,No
850,Jeffry,Kreiger,M,7/4/83,PE,79429.0,Research & Development,79.0,Divorced,Yes
850,Darryle,Stracke,U,3/6/78,TE,77865.0,Research & Development,38.0,Single,Yes
852,Alston,Bauch,U,4/12/79,PE,109846.0,Research & Development,57.0,Single,No
854,Ama,Hilll,U,10/8/97,,98448.0,Research & Development,72.0,Single,Yes
855,Carla,Witting,F,7/2/77,PE,96996.0,Sales,66.0,Divorced,No
858,Larkin,Aufderhar,F,14/11/97,,113114.0,Research & Development,98.0,Married,No
860,Tera,Glover,M,7/4/72,TE,123495.0,Human Resources,67.0,Divorced,No
863,Eileen,Boyle,F,25/5/95,CA,96924.0,Research & Development,70.0,Single,Yes
866,Nadine,Bednar,F,26/8/78,PE,128460.0,Research & Development,96.0,Married,No
866,Park,Harber,M,23/12/89,PE,94897.0,Research & Development,91.0,Married,No
866,Corinna,Parker,F,4/3/85,CA,84403.0,Sales,46.0,Married,No
866,Evonne,Conn,M,21/9/92,PE,55730.0,Research & Development,64.0,Single,No
867,Vicente,Veum,U,14/4/71,PE,98806.0,Sales,71.0,Single,No
867,Greta,Dickinson,F,29/4/90,PE,81093.0,Sales,68.0,Divorced,No
870,Shaniece,Kovacek,M,27/12/90,PE,144102.0,Research & Development,33.0,Married,No
870,Jacquez,Gutmann,F,20/1/79,TE,75846.0,Sales,69.0,Divorced,Yes
870,Dillan,Turcotte,M,29/7/95,PE,68520.0,Sales,78.0,Married,No
873,Minta,Schmitt,F,17/4/72,CA,108987.0,Human Resources,81.0,Divorced,No
875,Selmer,Vandervort,U,10/1/81,TE,116517.0,Research & Development,62.0,Married,No
875,Ione,Jerde,F,5/10/71,PE,109073.0,Sales,65.0,Divorced,No
878,Monnie,Mante,F,29/6/97,TE,91829.0,Research & Development,35.0,Married,No
880,Shelly,Konopelski,M,28/5/90,PE,111792.0,Research & Development,60.0,Single,No
882,Christeen,Borer,M,12/9/81,PE,133983.0,Research & Development,45.0,Married,No
884,Pablo,Bogan,M,3/11/89,,123759.0,Research & Development,89.0,Married,No
884,Nelly,Kiehn,F,23/10/70,,59296.0,Research & Development,80.0,Single,No
885,Elvis,Medhurst,F,25/8/87,CA,141046.0,Research & Development,90.0,Married,No
885,Estela,Smitham,F,6/4/92,PE,123140.0,Sales,73.0,Single,No
885,Barnett,Schneider,M,29/5/80,PE,55153.0,Research & Development,87.0,Married,Yes
886,Ambers,Bergstrom,F,26/4/75,,119200.0,Research & Development,51.0,Married,Yes
886,Baby,Towne,F,14/9/83,TE,95548.0,Sales,38.0,Married,No
888,Byrdie,Rolfson,F,17/4/88,,56176.0,Sales,87.0,Married,No
889,Zechariah,Will,F,27/6/77,PE,127310.0,Sales,59.0,Single,Yes
889,Hollie,Muller,U,4/4/73,CA,116101.0,Research & Development,45.0,Married,No
892,Oline,Hagenes,F,25/2/80,,124195.0,Research & Development,80.0,Married,Yes
892,Theta,Kirlin,M,29/8/75,PE,115004.0,Sales,93.0,Married,No
892,Sonji,King,U,9/12/81,PE,107375.0,Research & Development,46.0,Married,No
892,Celestine,Walker,M,12/10/72,CA,83549.0,Sales,92.0,Divorced,No
893,Janiah,Little,F,3/12/78,PE,142787.0,Research & Development,84.0,Single,No
893,Cheyenne,Schroeder,M,21/2/72,CA,126051.0,Research & Development,87.0,Married,No
894,Virgie,Bradtke,M,6/10/94,PE,86863.0,Research & Development,63.0,Married,No
896,Efrem,Cronin,U,7/5/89,TE,58196.0,Research & Development,56.0,Married,No
898,Kristie,Ullrich,U,11/10/89,PE,108635.0,Research & Development,51.0,Divorced,Yes
900,Talmage,Kirlin,F,7/2/77,TE,118016.0,Sales,85.0,Divorced,Yes
900,Izaiah,West,F,4/2/94,TE,95099.0,Research & Development,41.0,Single,Yes
900,Kate,Blick,F,10/5/75,CA,90927.0,Research & Development,35.0,Single,No
900,Encarnacion,Hand,U,11/6/77,PE,77769.0,Sales,31.0,Single,Yes
901,Nikki,D'Amore,U,9/8/85,CA,108287.0,Research & Development,48.0,Married,No
901,Lary,Krajcik,M,30/8/93,PE,73623.0,Research & Development,50.0,Married,Yes
905,Devon,Kozey,M,1/6/73,,66593.0,Research & Development,52.0,Single,No
906,Augustin,Bins,U,27/6/87,PE,136597.0,Research & Development,54.0,Married,No
906,Florene,O'Connell,M,3/4/79,PE,133971.0,Research & Development,76.0,Single,Yes
908,Angella,Stanton,F,2/8/95,,104029.0,Research & Development,42.0,Married,No
910,Violet,Metz,M,9/3/78,CA,106724.0,Research & Development,84.0,Divorced,No
910,Dereck,Jacobson,F,27/1/77,,79325.0,Sales,76.0,Married,No
911,Landen,Predovic,F,21/6/88,CA,125038.0,Sales,67.0,Single,No
911,Hildred,McKenzie,M,23/3/70,PE,98515.0,Research & Development,48.0,Single,No
914,Phylicia,Gerlach,U,18/12/96,CA,146603.0,Research & Development,39.0,Single,No
914,Tab,Zulauf,M,15/6/91,PE,68168.0,Research & Development,97.0,Divorced,No
916,Jerrad,Orn,U,15/12/76,PE,142640.0,Research & Development,70.0,Married,Yes
917,Jeff,Jacobs,M,6/11/80,TE,98247.0,Research & Development,98.0,Single,No
919,Michial,Oberbrunner,M,26/8/83,PE,142240.0,Research & Development,76.0,Single,No
919,Gerda,Hane,F,2/7/94,PE,140632.0,Research & Development,80.0,Single,No
919,Carter,Howe,F,12/8/78,PE,109318.0,Research & Development,52.0,Married,No
920,Devan,Harris,M,26/9/72,PE,124033.0,Sales,85.0,Married,No
921,Odis,Stracke,U,6/5/82,TE,86325.0,Human Resources,81.0,Divorced,No
921,Kory,Luettgen,M,28/4/93,PE,70790.0,Research & Development,59.0,Married,No
922,Errol,Pfeffer,M,17/1/92,,91406.0,Research & Development,54.0,Single,Yes
924,Takisha,Stanton,F,19/6/96,PE,100116.0,Research & Development,55.0,Married,No
924,Ocie,Lakin,M,9/12/70,TE,71623.0,Research & Development,71.0,Married,No
927,Jaelynn,Corkery,F,21/10/99,PE,136524.0,Research & Development,84.0,Divorced,Yes
928,Domenico,Howe,U,19/1/73,PE,136394.0,Research & Development,37.0,Married,Yes
928,Ottis,Collier,M,20/11/93,PE,109456.0,Research & Development,89.0,Divorced,No
928,West,Blanda,M,21/8/99,PE,71422.0,Sales,59.0,Divorced,Yes
928,Furman,Kiehn,F,3/1/74,,59444.0,Research & Development,32.0,Divorced,Yes
930,Joshuah,O'Keefe,M,5/1/74,CA,142896.0,Research & Development,86.0,Married,No
931,Sommer,Johnston,F,24/11/72,PE,95217.0,Human Resources,87.0,Single,No
932,Lucia,Bogan,M,27/10/94,PE,137985.0,Research & Development,73.0,Single,Yes
936,Marsha,Ledner,F,23/12/82,PE,143806.0,Sales,42.0,Single,No
936,Freda,Dare,U,4/3/70,PE,97777.0,Research & Development,42.0,Married,No
937,Rylan,Stroman,M,24/6/71,PE,141575.0,Research & Development,77.0,Married,No
937,Roby,Hudson,M,15/1/97,,137659.0,Research & Development,66.0,Married,No
937,Emeline,Klocko,F,29/5/75,PE,68156.0,Research & Development,72.0,Married,No
939,Kennard,Hintz,M,12/6/88,PE,71052.0,Sales,50.0,Married,No
940,Marlana,Moen,F,5/5/79,CA,140611.0,Research & Development,31.0,Divorced,No
941,Jose,Breitenberg,F,2/7/85,,142567.0,Research & Development,66.0,Married,No
942,Kaiya,Legros,U,15/10/86,,63683.0,Research & Development,77.0,Divorced,No
945,Shanelle,Rolfson,F,1/9/70,CA,140563.0,Research & Development,41.0,Divorced,Yes
945,Twila,Dickinson,F,15/2/95,PE,65375.0,Research & Development,33.0,Single,No
946,Mustafa,Kreiger,F,11/3/83,PE,125503.0,Sales,79.0,Married,No
947,Kirby,Schmitt,M,19/1/70,PE,138064.0,Research & Development,91.0,Married,No
948,Gerry,Kunze,F,21/11/90,,110341.0,Research & Development,65.0,Single,No
948,Dorsey,Runte,M,25/4/82,PE,84865.0,Research & Development,36.0,Single,Yes
950,Adrienne,Stokes,F,28/7/82,CA,97453.0,Research & Development,90.0,Married,No
951,Emery,Steuber,M,9/2/88,,77892.0,Research & Development,43.0,Married,Yes
951,Farris,Hirthe,M,10/12/86,,74274.0,Research & Development,93.0,Divorced,No
953,Pleas,Flatley,M,24/12/73,PE,72630.0,Research & Development,45.0,Divorced,No
954,Carin,Prosacco,M,24/6/87,TE,143630.0,Sales,67.0,Married,No
954,Margarite,Cassin,F,10/7/81,PE,61076.0,Research & Development,74.0,Single,Yes
956,Williemae,Nikolaus,M,10/3/73,PE,117500.0,Sales,42.0,Divorced,No
957,Damon,Rutherford,M,24/2/76,CA,91380.0,Sales,47.0,Single,No
957,Nettie,Monahan,U,6/7/98,PE,91047.0,Research & Development,36.0,Single,No
958,Ottis,Wiegand,F,27/9/77,PE,139409.0,Sales,80.0,Divorced,Yes
958,Chantel,Shanahan,M,22/5/92,PE,72408.0,Research & Development,54.0,Single,No
960,Laurie,Nienow,M,1/4/93,PE,127405.0,Research & Development,36.0,Married,Yes
960,Madonna,Schmeler,U,20/6/72,PE,94692.0,Sales,80.0,Married,No
961,Meryl,Hammes,F,31/3/74,,145884.0,Research & Development,44.0,Divorced,Yes
962,Walton,Howell,M,1/6/96,PE,76389.0,Sales,93.0,Married,Yes
963,Burley,Lakin,F,6/12/71,CA,116648.0,Sales,87.0,Divorced,No
963,Bea,Lueilwitz,F,16/1/88,PE,85676.0,Sales,48.0,Married,No
965,Sudie,Mayert,M,27/8/94,,115256.0,Research & Development,95.0,Divorced,Yes
965,Janell,Heaney,F,9/6/91,PE,80659.0,Human Resources,95.0,,No
966,Donal,Fay,M,27/5/98,CA,64259.0,Research & Development,76.0,,No
967,Novella,Streich,U,5/6/92,PE,127460.0,Research & Development,94.0,,No
969,Marget,West,M,11/10/79,PE,79230.0,Research & Development,57.0,Married,No
971,Phebe,Turcotte,F,7/8/88,,141422.0,Sales,92.0,Married,No
971,Elvis,Bosco,U,7/3/77,PE,130542.0,Research & Development,79.0,Married,No
975,Evonne,McGlynn,U,23/11/89,TE,66660.0,Research & Development,31.0,Married,No
976,Cinthia,Kutch,U,2/9/93,PE,121833.0,Research & Development,35.0,Divorced,No
979,Emery,Conn,M,23/10/95,PE,138214.0,Research & Development,99.0,Married,Yes
980,Gisselle,Goodwin,M,2/1/90,TE,136427.0,Research & Development,96.0,Divorced,Yes
981,Keanna,Nicolas,F,8/5/94,PE,64265.0,Research & Development,79.0,Divorced,Yes
982,Riley,Orn,U,9/1/78,PE,82041.0,Bench,73.0,Single,Yes
983,Randell,Dickens,M,27/6/81,PE,98427.0,Research & Development,62.0,Married,No
983,Gerald,Pfeffer,M,25/3/99,CA,97350.0,Sales,67.0,Married,No
983,Rosendo,Rau,F,6/11/87,PE,80392.0,Research & Development,67.0,Single,No
984,Felicity,Renner,M,14/8/78,PE,81751.0,Research & Development,51.0,Single,No
985,Elba,Predovic,F,17/8/90,PE,104396.0,Bench,74.0,Married,No
986,Elmyra,Mertz,M,15/4/81,PE,105395.0,Research & Development,58.0,Married,No
990,Maryellen,Stanton,U,26/9/93,PE,80038.0,Bench,82.0,Divorced,No
991,Malvina,Cole,F,25/9/71,PE,66400.0,Research & Development,62.0,Divorced,No
992,Aleta,Kessler,F,2/11/93,PE,94994.0,Bench,48.0,Married,No
992,Oda,Becker,M,22/6/80,PE,76005.0,Research & Development,56.0,Single,No
994,Gertie,Veum,M,16/11/94,,78682.0,Human Resources,69.0,Divorced,No
995,Diamond,Corkery,M,25/5/74,PE,132008.0,Bench,60.0,Single,No
996,Linnie,Larson,F,4/3/80,PE,92815.0,Research & Development,92.0,Single,Yes
997,Agusta,Emmerich,M,5/12/72,PE,114085.0,Research & Development,91.0,Divorced,No
997,Andrew,Schulist,F,2/1/71,PE,101940.0,Research & Development,34.0,Single,No
997,Brook,Turner,M,21/6/90,,80734.0,Research & Development,49.0,Married,No
999,Maceo,Wisoky,M,12/11/83,PE,142838.0,Human Resources,33.0,Married,No
